Frame,Median Fitness,Mean Fitness,Maximum Fitness,Median Age,Median Health,Population
0,2,1,2,2,1,25
1,2.9250002,1.9365389,3.375,3,0.975,26
2,3.8000002,2.9711533,4.4,4,0.95000005,26
3,4.6250005,3.8401783,6.875,5,0.9250001,28
4,5.4000006,4.8607144,8.1,6,0.9000001,28
5,6.125001,5.997322,10.325,7,0.8750001,28
6,6.800001,7.0410714,12.8,8,0.85000014,28
7,7.4250016,8.184823,16.875,9,0.82500017,28
8,8.000002,8.914828,21.499996,10,0.8000002,29
9,8.5250025,9.777069,23.374989,11,0.7750002,29
10,9.000003,10.770346,25.199982,12,0.75000024,29
11,9.425003,11.879139,26.974972,13,0.72500026,29
12,9.800004,13.093103,28.699963,14,0.7000003,29
13,10.125005,14.050174,32.624954,15,0.6750003,29
14,10.400005,15.024483,36.799942,16,0.65000033,29
15,10.625006,15.793622,38.674927,17,0.62500036,29
16,10.800007,16.843796,40.499916,18,0.6000004,29
17,10.925008,17.430176,42.2749,19,0.5750004,29
18,14.000008,17.686003,46.999886,20,0.7000004,30
19,14.175009,18.334354,48.824867,21,0.6750004,31
20,14.30001,19.464516,53.89985,22,0.65000045,31
21,14.375011,20.176939,55.77483,23,0.6250005,31
22,14.400012,20.858713,57.599808,24,0.6000005,31
23,18.125013,21.96952,59.374786,25,0.7250005,31
24,18.200014,23.09322,68.899765,26,0.7000005,31
25,18.225016,24.084677,70.87474,27,0.67500055,31
26,30.800014,25.100311,76.99996,28,1.1000005,32
27,31.175014,26.256096,83.37495,29,1.0750005,32
28,31.500017,27.038433,85.49992,30,1.0500005,32
29,41.075016,26.746906,87.574905,31,1.3250005,34
30,51.200016,27.339706,94.39989,32,1.6000005,35
31,56.92502,29.06671,96.524864,33,1.7250005,35
32,113.89956,29.904442,113.89956,34,3.349987,36
33,121.62453,30.928738,121.62453,35,3.4749866,36
34,124.19949,31.8697,124.19949,36,3.449986,36
35,126.72446,32.802353,126.72446,37,3.4249854,36
36,129.19942,33.86415,129.19942,38,3.3999848,36
37,131.62439,34.917625,131.62439,39,3.3749843,36
38,139.99936,35.754425,139.99936,40,3.4999838,36
39,148.62431,36.991234,148.62431,41,3.6249833,36
40,157.49928,38.728027,157.49928,42,3.7499828,36
41,160.17424,42.0357,160.17424,43,3.7249823,34
42,162.7992,42.91379,162.7992,44,3.6999817,34
43,172.12416,44.002163,172.12416,45,3.8249812,34
44,174.7991,44.965538,174.7991,46,3.7999806,34
45,177.42406,47.62222,177.42406,47,3.77498,33
46,179.99902,49.18903,179.99902,48,3.7499795,33
47,116.37482,55.946426,182.52397,49,2.3749962,30
48,117.49978,55.270725,184.99892,50,2.3499956,31
49,126.224754,57.065876,195.07387,51,2.4749951,31
50,127.39972,59.561028,197.59882,52,2.4499946,31
51,128.52469,61.25135,200.07376,53,2.424994,31
52,137.69965,62.949726,202.49872,54,2.5499935,31
53,138.87462,64.43843,204.87413,55,2.524993,31
54,148.39958,66.46747,215.59909,56,2.6499925,31
55,149.62454,70.73337,226.57404,57,2.624992,30
56,159.4995,71.93735,229.099,58,2.7499914,30
57,160.77446,72.45633,231.57394,59,2.7249908,30
58,161.99942,73.90533,233.99889,60,2.6999903,30
59,163.17438,74.76931,236.37384,61,2.6749897,30
60,164.29933,76.22831,247.9988,62,2.6499891,30
61,165.37428,77.71729,278.77374,63,2.6249886,30
62,166.39923,78.86128,281.5987,64,2.599988,30
63,177.12419,80.905266,294.12366,65,2.7249875,30
64,178.19914,82.849266,306.8986,66,2.699987,30
65,179.22409,84.743256,309.87354,67,2.6749864,30
66,180.19904,86.16223,312.79846,68,2.6499858,30
67,201.82399,89.77621,315.6734,69,2.9249854,30
68,202.99893,91.02022,318.49835,70,2.8999848,30
69,204.12389,92.764175,331.92328,71,2.8749843,30
70,205.19882,93.668175,334.79822,72,2.8499837,30
71,20.075125,98.10775,337.62317,73,0.2750017,29
72,18.500128,98.51083,340.3981,74,0.25000173,29
73,309.37234,106.63253,343.12302,75,4.1249647,27
74,311.5973,108.97197,345.79794,76,4.099964,27
75,313.7722,109.80031,348.42288,77,4.0749636,27
76,327.5971,111.88416,350.9978,78,4.199963,27
77,329.82205,113.46802,353.52274,79,4.1749625,27
78,8.000147,112.58539,355.99765,80,0.100001834,28
79,6.0751476,114.40876,370.5726,81,0.07500182,28
80,4.100149,116.33215,373.0975,82,0.05000182,28
81,14.525153,117.60017,375.57245,83,0.17500184,28
82,12.600157,119.739586,377.99734,84,0.15000187,28
83,240.123,131.44858,380.37228,85,2.8249764,26
84,240.79793,134.45068,395.59647,86,2.7999759,26
85,254.47285,136.06432,398.02136,87,2.9249754,26
86,255.19778,138.87985,413.59628,88,2.8999748,26
87,255.87271,136.64168,416.0712,89,2.8749743,27
88,256.49762,138.99721,431.99612,90,2.8499737,27
89,11.3751955,137.07338,448.17102,91,0.12500215,28
90,9.200196,139.6512,450.79593,92,0.10000213,28
91,6.975197,136.09975,453.37082,93,0.07500212,29
92,4.700199,137.27768,469.99573,94,0.050002117,29
93,2.3752017,139.31418,472.62064,95,0.025002122,29
94,187.20016,138.09401,489.59555,96,1.9500017,30
95,1.92E-04,150.26534,492.27045,96,2.00E-06,28
96,187.9978,152.53157,494.89536,80,2.3499725,28
97,188.32272,152.66837,512.32025,81,2.324972,29
98,188.59766,155.05109,514.9951,82,2.2999713,29
99,188.82257,157.83386,517.62006,83,2.2749708,29
100,188.9975,159.56827,535.49493,84,2.2499702,29
101,189.12242,161.32518,538.16986,85,2.2249696,29
102,11.700129,157.75531,540.79474,78,0.15000165,30
103,9.875132,161.51295,574.8696,79,0.12500167,30
104,8.000133,162.62556,577.6945,80,0.100001656,30
105,6.075133,169.89815,612.56946,81,0.07500164,29
106,4.1001344,172.43362,631.7943,82,0.05000164,29
107,2.0751367,178.23984,683.96924,83,0.025001645,29
108,1.38E-04,179.73389,687.49414,84,1.65E-06,29
109,52.480137,188.3129,690.969,82,0.64000165,28
110,51.04514,191.31752,694.3939,83,0.6150017,28
111,49.560143,195.20427,697.7688,84,0.5900017,28
112,60.775146,198.76247,701.0936,85,0.7150017,28
113,72.24014,197.97421,721.6185,86,0.8400017,28
114,70.90515,199.7574,724.9934,87,0.8150017,28
115,69.52016,195.18228,728.3183,88,0.79000175,29
116,108.135155,189.8917,749.29315,89,1.2150017,30
117,107.10016,191.38216,752.668,90,1.1900017,30
118,106.01516,194.73763,755.9929,91,1.1650017,30
119,104.880165,198.22807,813.71783,92,1.1400018,30
120,117.645164,201.60855,853.99274,93,1.2650018,30
121,116.560165,203.20737,857.9176,94,1.2400018,30
122,129.67517,206.50615,861.7925,95,1.3650018,30
123,128.64017,208.72325,861.7925,96,1.3400018,30
124,127.555176,211.20041,861.7925,97,1.3150018,30
125,141.12018,211.59756,866.7671,98,1.4400018,30
126,140.08519,213.40302,889.592,99,1.4150019,30
127,154.00018,215.27344,893.31683,100,1.5400019,30
128,153.0152,220.00392,896.9917,101,1.5150019,30
129,167.2802,222.13937,900.6166,102,1.6400019,30
130,166.3452,224.02484,904.1914,103,1.6150019,30
131,165.3602,227.54031,927.6663,104,1.590002,30
132,164.32521,229.12581,931.29114,105,1.565002,30
133,163.2402,234.15123,975.366,106,1.540002,30
134,162.10521,236.26175,979.1909,107,1.515002,30
135,160.92023,239.42715,1003.51575,108,1.490002,30
136,61.58524,250.95752,1007.3906,109,0.5650022,29
137,59.400246,254.83252,1032.0654,110,0.5400022,29
138,57.16525,257.8454,1056.9904,111,0.51500225,29
139,155.68024,252.3325,1061.0151,112,1.3900021,30
140,154.24524,255.09944,1064.99,113,1.3650022,30
141,50.160263,264.18628,1068.9149,114,0.44000232,29
142,47.72527,268.7286,1115.9897,115,0.41500235,29
143,167.04025,277.59497,1120.1146,116,1.4400022,28
144,165.55527,280.8335,1167.9894,117,1.4150022,28
145,164.02026,275.08966,1172.3142,118,1.3900023,29
146,162.43527,276.42468,1176.5891,119,1.3650023,29
147,160.80028,275.10098,1180.814,120,1.3400023,29
148,159.11528,279.8135,1229.9886,121,1.3150023,29
149,157.38028,282.66055,1234.4135,122,1.2900023,29
150,650.253,275.46057,1238.7883,122,5.3299427,30
151,652.5079,280.55276,1243.1132,123,5.304942,30
152,654.71277,284.77478,1247.3881,124,5.2799416,30
153,168.8403,300.3883,1298.1127,126,1.3400024,29
154,167.00531,305.78006,1302.5875,127,1.3150024,29
155,165.12032,309.7823,1330.5624,128,1.2900025,29
156,663.0322,302.24466,1335.0872,128,5.1799393,30
157,664.9871,305.41803,1339.562,129,5.1549387,30
158,666.89197,310.4165,1343.9868,130,5.129938,30
159,668.7468,316.25497,1372.5116,131,5.1049376,30
160,670.5517,319.86838,1376.9865,132,5.079937,30
161,672.3065,321.05188,1381.4113,133,5.0549364,30
162,674.0114,314.98874,1385.786,134,5.029936,31
163,173.56525,309.16504,1414.8608,133,1.3050019,32
164,171.52025,313.7675,1419.2856,134,1.2800019,32
165,169.42526,326.98254,1423.6604,135,1.2550019,31
166,167.28026,327.78046,1453.1852,136,1.2300019,31
167,185.63527,331.76724,1482.96,137,1.3550019,31
168,183.54027,338.22336,1487.4847,138,1.330002,31
169,181.39528,341.7262,1517.6095,139,1.305002,31
170,179.20029,344.48697,1547.9843,140,1.280002,31
171,176.95529,348.63336,1578.609,141,1.255002,31
172,174.6603,352.36212,1583.3838,142,1.230002,31
173,172.31529,357.22137,1614.3585,143,1.2050021,31
174,594.66846,349.80157,1619.1833,135,4.4049516,32
175,595.67334,353.11526,1623.9581,136,4.379951,32
176,596.62823,358.53986,1682.0828,137,4.3549504,32
177,597.5331,364.64572,1713.9076,138,4.32995,32
178,598.38794,372.1173,1745.9823,139,4.3049493,32
179,599.1928,363.19003,1751.1571,140,4.2799487,33
180,274.0297,352.99185,1756.2819,134,2.0449977,34
181,272.69962,354.76697,1761.3567,135,2.0199971,34
182,291.71954,356.50964,1766.3815,136,2.1449966,34
183,290.43945,361.89948,1771.3563,137,2.119996,34
184,289.10938,363.75403,1776.281,138,2.0949955,34
185,287.7293,366.00842,1781.1559,139,2.069995,34
186,286.2992,358.3551,1814.1805,140,2.0449944,35
187,284.81912,360.5006,1819.1053,141,2.0199938,35
188,283.28906,360.76324,1823.9801,142,1.9949934,35
189,254.27727,356.9308,1857.4548,104,2.4449737,36
190,254.09718,359.60278,1862.3796,105,2.4199731,36
191,253.8671,361.17896,1896.2043,106,2.3949726,36
192,253.587,365.78848,1901.1791,107,2.369972,36
193,253.25691,368.81473,1906.1039,108,2.3449714,36
194,252.87682,374.06168,1940.3787,109,2.3199708,36
195,252.44673,378.39203,1974.9033,110,2.2949703,36
196,291.74863,392.84613,1979.9781,150,1.9449909,35
197,289.91864,397.9306,1985.0029,151,1.9199909,35
198,288.03864,403.02493,1989.9777,152,1.8949909,35
199,309.05853,405.16782,1994.9025,153,2.0199904,35
200,330.32846,408.1693,2030.0771,154,2.14499,35
201,328.59836,412.73224,2065.5017,155,2.1199894,35
202,326.81827,415.09808,2070.5767,156,2.0949888,35
203,324.98816,417.26382,2106.3513,157,2.0699883,35
204,323.10806,418.83102,2111.476,158,2.0449877,35
205,321.17795,421.43246,2116.5508,159,2.019987,35
206,319.19788,431.13684,2152.7754,160,1.9949868,35
207,341.31778,434.08405,2157.9001,161,2.1199863,35
208,363.6877,434.82272,2157.9001,162,2.2449858,35
209,361.8576,439.47708,2157.9001,163,2.2199852,35
210,359.97748,441.7585,2162.3743,164,2.1949847,35
211,358.04736,444.9743,2199.199,165,2.169984,35
212,332.73505,435.6151,2236.2737,127,2.619961,36
213,332.15494,439.66623,2241.3484,128,2.5949605,36
214,331.5248,441.00082,2278.773,129,2.5699599,36
215,330.8447,441.82693,2283.8977,130,2.5449593,36
216,641.97845,421.06424,2321.6724,127,5.0549483,38
217,643.8333,422.9609,2326.8472,128,5.0299478,38
218,645.6382,422.58902,2364.972,129,5.004947,38
219,647.39307,410.73456,2364.972,130,4.9799466,39
220,649.09796,415.08878,2364.972,131,4.954946,39
221,650.7528,419.00052,2402.796,132,4.9299455,39
222,652.35767,421.32388,2407.9705,133,4.904945,39
223,653.91254,423.31912,2413.0952,134,4.8799443,39
224,655.4174,424.89877,2418.17,135,4.8549438,39
225,656.87225,424.97482,2423.1948,136,4.829943,39
226,658.27716,426.22382,2462.3694,137,4.8049426,39
227,1252.8522,420.8868,2501.794,133,9.419941,40
228,1279.022,422.54037,2506.9688,134,9.54494,40
229,1285.1918,424.4288,2546.7434,135,9.519939,40
230,1311.7117,425.4109,2551.9683,136,9.644938,40
231,1338.4814,427.60522,2557.1428,137,9.7699375,40
232,1344.8013,427.45963,2597.3674,138,9.744937,40
233,1351.0712,435.36542,2602.5923,139,9.719936,40
234,1357.291,442.1898,2607.7668,140,9.694936,40
235,1363.4608,441.27045,2612.8916,141,9.669935,40
236,1369.5807,440.9886,2617.9663,142,9.644935,40
237,1375.6506,442.86176,2658.841,143,9.619934,40
238,1381.6704,447.74496,2699.9656,144,9.5949335,40
239,1387.6403,448.33676,2705.1904,145,9.569933,40
240,1393.5602,460.85712,2710.365,146,9.544932,39
241,1399.4299,462.24298,2715.4897,147,9.519932,39
242,1405.2499,462.87115,2720.5645,148,9.494931,39
243,1411.0197,461.6288,2725.5894,149,9.469931,39
244,598.9729,475.37546,2767.4639,149,4.0199523,38
245,599.24274,477.45966,2772.5386,150,3.9949517,38
246,622.1126,482.20566,2777.5632,151,4.1199512,38
247,645.23254,495.0437,2782.538,152,4.244951,37
248,645.6524,496.42072,2824.9626,153,4.21995,37
249,646.0222,499.3975,2829.9873,154,4.1949496,37
250,646.3421,532.11786,2872.762,155,4.169949,35
251,646.61194,533.41547,2877.8367,156,4.1449485,35
252,646.83185,535.2358,2882.8613,157,4.119948,35
253,647.0017,541.3147,3002.5857,158,4.0949473,35
254,647.1215,541.44775,3002.5857,159,4.069947,35
255,93.77399,564.69727,3002.5857,155,0.60499346,34
256,90.47898,564.9685,3002.5857,156,0.5799935,34
257,87.13398,565.6704,3002.5857,157,0.5549935,34
258,671.55096,587.23596,3002.5857,163,4.1199446,33
259,696.17084,591.5036,3021.0337,164,4.244944,33
260,696.2907,593.5893,3021.0337,165,4.2199435,33
261,696.36053,598.43274,3021.0337,166,4.194943,33
262,696.3804,603.2261,3022.7573,167,4.1699424,33
263,696.3502,603.9482,3027.582,168,4.144942,33
264,696.2701,605.54004,3072.2566,169,4.119941,33
265,696.1399,606.4775,3077.1313,170,4.0949407,33
266,695.9598,609.7604,3122.156,171,4.06994,33
267,747.32965,615.4293,3127.0806,172,4.3449397,33
268,747.3495,619.88947,3172.455,173,4.319939,33
269,747.31934,639.3999,3177.43,174,4.2949386,32
270,799.7392,640.3325,3182.3545,175,4.569938,32
271,799.909,641.87616,3187.2292,176,4.5449376,32
272,2063.8933,667.66046,3233.1538,178,11.594907,31
273,800.0987,650.0226,3238.0784,178,4.4949365,32
274,800.1185,652.2897,3242.9531,179,4.469936,32
275,800.0884,657.7695,3289.3276,180,4.4449353,32
276,800.0082,659.06946,3335.9524,181,4.4199347,32
277,799.878,662.04,3340.977,182,4.394934,32
278,799.6979,664.3273,3345.9517,183,4.3699336,32
279,799.46765,666.39136,3393.0261,184,4.344933,32
280,2119.452,691.747,3440.3508,186,11.394902,31
281,2126.1716,698.34283,3445.4753,187,11.369902,31
282,2132.8413,707.8725,3535.7498,188,11.344901,31
283,2139.4612,717.7248,3669.3242,189,11.3199005,31
284,2174.531,724.1498,3717.9487,190,11.4449,31
285,2209.8506,731.923,3723.7734,191,11.569899,31
286,2216.6204,736.5494,3815.9478,192,11.544898,31
287,2223.3403,741.45,3908.6724,193,11.519897,31
288,2288.21,744.1411,3908.6724,194,11.794896,31
289,2353.6294,750.537,3908.6724,195,12.069895,31
290,2390.1992,754.7101,3956.5457,196,12.194894,31
291,2397.469,759.62195,3962.7705,197,12.169893,31
292,2404.6887,766.66156,3968.945,198,12.144893,31
293,2411.8586,779.9653,3975.0696,199,12.119892,31
294,2418.9783,793.4418,4069.944,200,12.094892,31
295,2426.048,801.19727,4209.9185,201,12.069891,31
296,968.8047,788.72266,4350.7427,201,4.819924,32
297,968.5745,768.7159,4357.867,202,4.7949233,33
298,998.7443,773.7006,4364.942,203,4.919923,33
299,353.40076,757.4316,4507.4165,186,1.900004,34
300,378.6757,765.9683,4560.1406,187,2.0250037,34
301,404.2006,772.96686,4658.565,188,2.1500032,34
302,401.6255,776.49646,4666.34,189,2.1250026,34
303,399.0004,781.06396,4666.34,190,2.100002,34
304,396.3253,783.3668,4666.34,191,2.0750015,34
305,393.60016,786.6082,4666.34,192,2.050001,34
306,390.82507,788.76697,4666.34,193,2.0250003,34
307,417.09998,792.8213,4666.34,194,2.1499999,34
308,414.37485,795.05225,4666.34,195,2.1249993,34
309,411.59976,800.0699,4666.34,196,2.0999987,34
310,408.77463,807.7861,4666.34,197,2.0749981,34
311,405.8995,809.70795,4671.461,198,2.0499976,34
312,402.9744,815.7447,4772.7354,199,2.024997,34
313,399.9993,818.48004,4780.06,200,1.9999965,34
314,427.12424,820.3052,4787.335,201,2.1249962,34
315,424.19913,820.7594,4794.5596,202,2.0999956,34
316,421.224,822.50946,4801.734,203,2.074995,34
317,418.19888,851.0809,4808.8584,204,2.0499945,33
318,445.87378,853.1279,4815.933,205,2.174994,33
319,442.89865,861.1657,4871.108,206,2.1499934,33
320,439.8735,862.77625,4878.2324,207,2.1249928,33
321,105.56334,840.9595,4885.307,207,0.5099678,34
322,100.87331,843.05206,4940.9316,208,0.48496783,34
323,96.13328,846.9475,4948.056,209,0.45996785,34
324,91.343254,851.51685,5004.0303,210,0.43496788,34
325,86.50323,856.51666,5011.205,211,0.4099679,34
326,81.6132,862.8152,5018.3296,212,0.38496792,34
327,76.67317,868.41943,5025.4043,213,0.35996795,34
328,71.68314,867.552,5032.4287,214,0.33496797,34
329,66.64312,874.4798,5089.053,215,0.309968,34
330,61.553093,879.24445,5096.128,216,0.28496802,34
331,56.413067,883.1255,5103.1523,217,0.25996804,34
332,51.223038,894.15186,5110.127,218,0.23496807,34
333,45.983013,900.99,5117.052,219,0.20996809,34
334,40.692986,902.1355,5174.326,220,0.18496811,34
335,35.35296,906.5426,5181.301,221,0.15996814,34
336,29.962933,909.8018,5188.2256,222,0.13496816,34
337,24.5229,917.6648,5245.9497,223,0.109968156,34
338,19.032864,920.9604,5252.9243,224,0.08496814,34
339,13.49283,925.2443,5259.849,225,0.059968133,34
340,7.902799,933.2779,5266.7236,226,0.034968138,34
341,638.3958,968.1996,5324.998,228,2.7999816,33
342,635.47064,1001.102,5331.9224,229,2.774981,32
343,632.4955,1009.49677,5494.047,230,2.7499804,32
344,629.47034,1014.2886,5553.2217,231,2.7249799,32
345,626.3952,986.5014,5612.648,232,2.6999793,33
346,783.564,931.7215,5620.124,203,3.8599215,35
347,782.32385,936.87714,5627.5503,204,3.834921,35
348,811.7837,942.7069,5634.927,205,3.9599204,35
349,810.5935,943.6401,5642.253,206,3.9349198,35
350,809.3533,946.6742,5702.329,207,3.9099193,35
351,340.01187,924.24414,5709.7056,203,1.6749353,36
352,336.58682,924.4297,5717.0317,204,1.6499354,36
353,333.11176,927.5292,5777.5576,205,1.6249354,36
354,329.5867,937.3278,5784.934,206,1.5999354,36
355,326.01163,945.0149,5792.2603,207,1.5749354,36
356,322.38657,955.2197,5853.237,208,1.5499355,36
357,318.71152,964.9986,5860.613,209,1.5249355,36
358,314.98645,969.6941,5867.9395,210,1.4999355,36
359,311.2114,974.55206,5875.216,211,1.4749355,36
360,307.38635,985.314,5882.442,212,1.4499356,36
361,335.46127,992.4636,5944.0684,213,1.5749356,36
362,427.9862,996.7009,5951.3447,214,1.9999355,36
363,456.86105,1000.8044,5958.571,215,2.1249352,36
364,453.58588,1001.0165,5965.7476,216,2.0999346,36
365,450.26068,980.0022,6027.924,217,2.074934,37
366,446.8855,984.6154,6035.15,218,2.0499334,37
367,443.4603,990.60565,6042.3267,219,2.0249329,37
368,439.98514,995.06976,6104.9526,220,1.9999324,37
369,436.46005,1000.97626,6167.829,221,1.9749324,37
370,466.1849,1006.3744,6175.1553,222,2.099932,37
371,462.7097,1009.7405,6182.432,223,2.0749314,37
372,459.1845,1014.77515,6189.658,224,2.0499308,37
373,547.3954,989.6265,6196.835,213,2.5699315,38
374,544.61523,994.997,6203.9614,214,2.544931,38
375,65.97583,948.7046,6267.5874,203,0.3250041,40
376,91.80084,957.6886,6274.764,204,0.45000413,40
377,117.875854,935.58136,6281.8906,205,0.57500416,41
378,113.300865,942.0909,6288.9673,206,0.5500042,41
379,108.67587,950.7059,6295.9937,207,0.5250042,41
380,104.00088,950.91785,6302.97,208,0.50000423,41
381,99.27589,953.38025,6309.8965,209,0.47500426,41
382,94.5009,957.6811,6374.373,210,0.45000428,41
383,121.32591,961.18005,6439.0996,211,0.57500434,41
384,116.60092,964.85223,6504.0757,212,0.55000436,41
385,111.825935,970.3548,6511.2524,213,0.5250044,41
386,107.000946,971.6399,6518.379,214,0.5000044,41
387,102.12595,971.0975,6525.4556,215,0.47500443,41
388,97.200966,980.7337,6649.482,216,0.45000446,41
389,92.225975,987.91675,6715.408,217,0.42500448,41
390,1161.8955,965.3006,6722.7847,213,5.4549084,42
391,1194.1003,973.8207,6730.1113,214,5.579908,42
392,1194.305,974.49414,6737.388,215,5.5549073,42
393,1194.4598,980.9638,6744.6147,216,5.5299067,42
394,1194.5647,984.209,6751.7915,217,5.504906,42
395,1227.3195,984.67914,6758.918,218,5.6299057,42
396,1260.3242,987.23584,6765.9946,219,5.754905,42
397,1260.579,992.30133,6773.0215,220,5.7299047,42
398,1260.7838,997.4284,6839.998,221,5.704904,42
399,1260.9386,998.5424,6847.0747,222,5.6799035,42
400,1261.0433,1002.8851,6854.101,223,5.654903,42
401,1261.0981,1005.5682,6861.078,224,5.6299024,42
402,1261.1029,1009.9444,6868.0044,225,5.604902,42
403,1261.0576,1012.4331,6874.8813,226,5.579901,42
404,1260.9624,991.5553,6881.708,227,5.5549006,43
405,1260.8173,1018.51807,6888.485,228,5.5299,42
406,1260.622,995.1031,6895.2114,229,5.5048995,43
407,493.92548,972.8092,6901.888,223,2.2149124,44
408,490.54025,978.3837,6908.515,224,2.1899118,44
409,487.10504,980.52203,6915.092,225,2.1649113,44
410,483.6198,979.7771,6921.6187,226,2.1399107,44
411,480.0846,981.19806,6990.045,227,2.1149101,44
412,476.4994,982.7301,6996.622,228,2.0899096,44
413,472.86417,983.4193,7003.149,229,2.064909,44
414,469.17892,986.0246,7009.6255,230,2.0399084,44
415,500.09372,987.1819,7016.0522,231,2.164908,44
416,531.25854,988.73926,7022.429,232,2.2899075,44
417,562.67334,989.89886,7028.756,233,2.414907,44
418,559.2381,991.6099,7098.0327,234,2.3899064,44
419,555.75287,996.02954,7104.4097,235,2.3649058,44
420,552.21765,1002.4246,7110.7363,236,2.3399053,44
421,548.6324,1005.0736,7117.013,237,2.3149047,44
422,544.9972,1007.73444,7186.84,238,2.289904,44
423,577.162,1016.5022,7193.167,239,2.4149036,44
424,573.5767,1020.60406,7199.444,240,2.389903,44
425,569.9415,1049.1998,7205.6704,241,2.3649025,43
426,566.2563,1074.7341,7211.8477,242,2.339902,42
427,562.52106,1073.2448,7217.9746,243,2.3149014,42
428,595.3358,1075.936,7224.0513,244,2.4399009,42
429,591.6506,1089.3776,7230.078,245,2.4149003,42
430,587.91534,1095.9989,7236.055,246,2.3898997,42
431,584.13007,1104.5139,7306.932,247,2.3648992,42
432,617.4949,1112.0576,7312.959,248,2.4898987,42
433,613.75964,1111.248,7318.936,249,2.464898,42
434,609.97437,1111.0693,7324.863,250,2.4398975,42
435,643.7892,1085.8998,7330.7397,251,2.564897,43
436,677.85394,1089.746,7336.567,252,2.6898966,43
437,674.2187,1089.9733,7342.3438,253,2.664896,43
438,670.53345,1095.5625,7348.071,254,2.6398954,43
439,666.7982,1099.9072,7353.748,255,2.6148949,43
440,47.926292,1071.3702,7359.375,223,0.21491611,44
441,659.1777,1094.4532,7364.9517,257,2.5648937,43
442,655.2924,1093.0099,7370.479,258,2.5398932,43
443,651.3572,1094.4773,7375.956,259,2.5148926,43
444,647.37195,1096.9901,7381.383,260,2.489892,43
445,643.3367,1097.4409,7386.7603,261,2.4648914,43
446,1316.033,1074.0269,7392.087,221,5.9549003,44
447,1383.0377,1057.61,7397.3643,222,6.2299,45
448,1383.6925,1052.9376,7402.5913,223,6.2048993,45
449,1384.2974,1052.1176,7407.7686,224,6.1798987,45
450,596.0506,1033.8976,7412.8955,222,2.6849127,46
451,593.1604,1039.4453,7417.9727,223,2.659912,46
452,590.2202,1040.9369,7423,224,2.6349115,46
453,587.23,1044.1323,7427.977,225,2.609911,46
454,1420.9211,1073.256,7501.3037,229,6.204896,45
455,1421.376,1078.5831,7506.331,230,6.1798954,45
456,1421.7808,1081.9166,7580.008,231,6.154895,45
457,609.1191,1061.4106,7585.085,229,2.6599088,46
458,491.0289,1062.4365,7590.1123,230,2.1349082,46
459,487.38867,1061.8363,7595.0894,231,2.1099076,46
460,483.69843,1063.7231,7600.0166,232,2.084907,46
461,479.95822,1063.4011,7604.894,233,2.0599065,46
462,476.16797,1064.353,7679.321,234,2.034906,46
463,472.32776,1066.0814,7684.248,235,2.0099053,46
464,468.43762,1070.6586,7689.1255,236,1.9849052,46
465,500.0475,1074.4713,7693.9526,237,2.109905,46
466,496.20724,1081.6483,7768.9297,238,2.0849044,46
467,492.31702,1081.9708,7773.8066,239,2.0599039,46
468,488.3768,1084.3497,7778.6343,240,2.0349033,46
469,484.38657,1080.2052,7783.411,241,2.0099027,46
470,480.34644,1078.1254,7788.1387,242,1.9849026,46
471,476.25635,1078.6339,7792.816,243,1.9599026,46
472,472.11624,1078.2482,7797.4434,244,1.9349027,46
473,504.67603,1058.7347,7802.0205,245,2.0599022,47
474,500.5858,1060.09,7806.548,246,2.0349016,47
475,683.3837,1038.6841,7811.025,204,3.3499203,48
476,681.6085,1038.8329,7815.4526,205,3.3249197,48
477,679.7833,1040.7716,7819.8296,206,3.2999191,48
478,483.72525,1064.328,7824.157,250,1.934901,47
479,479.38516,1093.539,7828.4346,251,1.909901,46
480,474.99506,1093.5522,7832.6616,252,1.884901,46
481,470.55496,1099.4637,7836.8394,253,1.8599011,46
482,466.06488,1100.6133,7840.9663,254,1.8349011,46
483,461.52478,1103.7245,7845.044,255,1.8099011,46
484,456.9347,1080.2457,7849.0713,256,1.7849011,47
485,452.2946,1083.7081,7853.049,257,1.7599012,47
486,447.6045,1085.2278,7856.976,258,1.7349012,47
487,442.8644,1084.8561,7860.8535,259,1.7099012,47
488,477.0743,1083.9882,7864.681,260,1.8349012,47
489,472.38422,1087.409,7868.4585,261,1.8099012,47
490,782.90576,1115.8752,7872.186,219,3.574912,46
491,813.9805,1119.7638,7949.812,220,3.6999116,46
492,458.01395,1144.5055,7953.5894,264,1.7349013,45
493,453.12384,1144.8752,7957.317,265,1.7099013,45
494,448.18375,1150.1385,8035.3945,266,1.6849014,45
495,443.19366,1148.1606,8039.172,267,1.6599014,45
496,939.35455,1125.4745,8042.8994,225,4.174909,46
497,433.06348,1152.6112,8046.5767,269,1.6099014,45
498,427.9234,1153.6641,8050.204,270,1.5849015,45
499,422.7333,1154.4802,8053.7817,271,1.5599015,45
500,417.4932,1182.3385,8132.609,272,1.5349015,44
501,453.1531,1182.2942,8136.237,273,1.6599015,44
502,447.963,1184.9044,8215.414,274,1.6349015,44
503,442.72293,1187.734,8219.092,275,1.6099015,44
504,1256.8582,1215.4484,8222.719,279,4.504868,43
505,1254.3629,1220.6671,8226.297,280,4.4798675,43
506,1251.8176,1255.6356,8229.824,281,4.454867,42
507,1249.2223,1253.3932,8233.302,282,4.4298663,42
508,1289.027,1255.6075,8236.7295,283,4.554866,42
509,914.82825,1285.9065,8240.107,325,2.814856,41
510,909.49286,1289.0021,8243.435,326,2.7898555,41
511,953.1576,1291.4147,8323.662,327,2.914855,41
512,1278.5459,1260.1326,8327.04,287,4.4548635,42
513,1275.8005,1261.3843,8330.367,288,4.429863,42
514,1273.0052,1265.1029,8333.645,289,4.4048624,42
515,1313.6599,1267.2852,8336.872,290,4.529862,42
516,1310.9147,1258.2904,8340.05,291,4.5048614,42
517,1308.1194,1257.8597,8343.178,292,4.479861,42
518,1305.274,1257.8115,8346.256,293,4.45486,42
519,1302.3788,1228.6262,8349.283,294,4.4298596,43
520,1299.4335,1222.5707,8352.261,295,4.404859,43
521,1296.4381,1227.9575,8355.187,296,4.3798585,43
522,1293.3928,1230.5564,8358.062,297,4.354858,43
523,1290.2975,1225.8689,8358.062,298,4.3298573,43
524,1332.0022,1228.262,8358.062,299,4.454857,43
525,1328.9569,1232.6564,8358.062,300,4.4298563,43
526,1325.8616,1235.8801,8358.062,301,4.4048557,43
527,1322.7163,1233.1167,8358.062,302,4.379855,43
528,1319.521,1259.5116,8358.062,303,4.3548546,42
529,850.3714,1292.7931,8358.062,345,2.4648447,41
530,844.1861,1294.1846,8358.062,346,2.4398441,41
531,837.95074,1298.7968,8358.062,347,2.4148436,41
532,831.66534,1298.4016,8358.062,348,2.389843,41
533,825.33,1298.7029,8359.639,349,2.3648424,41
534,818.94464,1295.9612,8361.864,350,2.3398418,41
535,812.5093,1294.3839,8361.864,351,2.3148413,41
536,806.0239,1293.1456,8361.864,352,2.2898407,41
537,799.4886,1291.3969,8361.864,353,2.2648401,41
538,792.9032,1291.2411,8361.864,354,2.2398396,41
539,786.2678,1294.7886,8361.864,355,2.214839,41
540,779.58246,1295.1288,8361.864,356,2.1898384,41
541,1320.8318,1267.5026,8361.864,316,4.1798472,42
542,1364.6365,1268.0845,8361.864,317,4.304847,42
543,1360.9911,1272.8127,8361.864,318,4.279846,42
544,1405.1458,1277.7195,8361.864,319,4.4048457,42
545,1401.5504,1276.926,8361.864,320,4.379845,42
546,1397.9052,1282.4651,8361.864,321,4.3548446,42
547,1394.2097,1282.408,8361.864,322,4.329844,42
548,1390.4645,1285.4753,8442.766,323,4.3048434,42
549,1386.6691,1282.3607,8444.341,324,4.279843,42
550,1382.8237,1275.4149,8444.341,325,4.2548423,42
551,1378.9283,1276.5741,8444.341,326,4.2298417,42
552,1374.983,1281.2941,8444.341,327,4.204841,42
553,1420.1877,1281.5034,8444.341,328,4.3298407,42
554,1416.2924,1279.2623,8444.341,329,4.30484,42
555,1412.347,1268.2952,8444.341,330,4.2798395,42
556,1408.3517,1270.7068,8444.341,331,4.254839,42
557,1404.3064,1271.115,8444.341,332,4.2298384,42
558,1400.2109,1277.5837,8444.341,333,4.204838,42
559,1396.0657,1279.4099,8444.341,334,4.179837,42
560,1391.8702,1279.7926,8444.341,335,4.1548367,42
561,1438.0249,1284.7721,8444.341,336,4.279836,42
562,1433.8796,1280.1918,8444.341,337,4.2548356,42
563,1429.6842,1278.1416,8444.341,338,4.229835,42
564,1425.4388,1275.1053,8444.341,339,4.2048345,42
565,1472.1436,1285.4763,8444.341,340,4.329834,42
566,1467.9482,1254.6174,8444.341,341,4.3048334,43
567,1463.7029,1252.48,8444.341,342,4.279833,43
568,1459.4075,1284.5292,8444.341,343,4.2548323,42
569,1455.0621,1283.0609,8444.341,344,4.2298317,42
570,555.7762,1313.6044,8444.341,386,1.4398347,41
571,547.541,1323.841,8444.341,387,1.4148347,41
572,539.25586,1320.6445,8444.341,388,1.3898348,41
573,530.9207,1316.1577,8444.341,389,1.3648348,41
574,522.5356,1319.5269,8444.341,390,1.3398348,41
575,514.1004,1316.6304,8444.341,391,1.3148348,41
576,505.61526,1316.4534,8444.341,392,1.2898349,41
577,497.0801,1323.6495,8444.341,393,1.2648349,41
578,1519.6039,1358.9609,8444.341,353,4.3048267,40
579,1515.0585,1361.0804,8444.341,354,4.279826,40
580,1510.4631,1358.8345,8444.341,355,4.2548256,40
581,1505.8177,1355.3754,8444.341,356,4.229825,40
582,1501.1223,1345.9587,8444.341,357,4.2048244,40
583,564.51917,1377.5819,8444.341,399,1.414835,39
584,555.934,1381.9651,8444.341,400,1.389835,39
585,547.2988,1382.4327,8444.341,401,1.364835,39
586,1481.8408,1380.5795,8444.341,361,4.104822,39
587,93.30534,1352.4197,8444.341,359,0.25990346,40
588,84.565254,1350.6124,8444.341,360,0.23490348,40
589,1466.8546,1382.5328,8444.341,364,4.0298204,39
590,1516.5093,1385.5542,8444.341,365,4.15482,39
591,1511.5139,1385.3826,8444.341,366,4.1298194,39
592,49.104904,1418.4844,8444.341,364,0.13490358,38
593,1501.3732,1456.6458,8444.341,368,4.0798182,37
594,1496.2278,1459.0121,8444.341,369,4.0548177,37
595,1491.0323,1457.0472,8444.341,370,4.029817,37
596,1485.787,1455.0077,8444.341,371,4.0048165,37
597,1480.4916,1498.4888,8444.341,372,3.979816,36
598,492.59183,1534.545,8444.341,414,1.1898353,35
599,483.40668,1537.3196,8444.341,415,1.1648353,35
600,474.1715,1536.6549,8444.341,416,1.1398354,35
601,464.88635,1532.567,8444.341,417,1.1148354,35
602,455.5512,1534.2667,8444.341,418,1.0898354,35
603,446.16605,1535.3116,8444.341,419,1.0648354,35
604,436.7309,1531.2024,8444.341,420,1.0398355,35
605,427.24573,1528.5973,8444.341,421,1.0148355,35
606,417.71057,1527.07,8444.341,422,0.9898355,35
607,408.12543,1533.3024,8444.341,423,0.9648355,35
608,462.09027,1586.5004,8444.341,424,1.0898355,34
609,452.5551,1592.319,8444.341,425,1.0648355,34
610,506.86993,1583.874,8444.341,426,1.1898355,34
611,497.3848,1571.3013,8444.341,427,1.1648356,34
612,552.0496,1578.329,8444.341,428,1.2898356,34
613,542.61444,1582.5356,8444.341,429,1.2648356,34
614,533.12933,1579.2544,8444.341,430,1.2398356,34
615,582.45245,1610.1324,8444.341,438,1.3298001,33
616,572.80725,1619.764,8444.341,439,1.3048002,33
617,563.11206,1626.8496,8444.341,440,1.2798002,33
618,559.7887,1576.552,8444.341,434,1.2898357,34
619,680.7035,1579.6263,8444.341,435,1.5648357,34
620,671.36835,1572.1287,8444.341,436,1.5398357,34
621,523.8313,1625.5459,8444.341,444,1.1798003,33
622,513.8861,1626.7029,8444.341,445,1.1548003,33
623,643.0629,1573.658,8444.341,439,1.4648358,34
624,633.5278,1574.1475,8444.341,440,1.4398358,34
625,623.94257,1572.3851,8444.341,441,1.4148358,34
626,614.30743,1574.9004,8444.341,442,1.3898358,34
627,463.4102,1615.7611,8444.341,450,1.0298004,33
628,594.88715,1576.8677,8444.341,444,1.3398359,34
629,651.852,1572.97,8444.341,445,1.4648359,34
630,642.1668,1570.4783,8444.341,446,1.4398359,34
631,632.43164,1524.4634,8444.341,447,1.4148359,35
632,622.6465,1531.0127,8444.341,448,1.389836,35
633,612.81134,1583.1473,8444.341,449,1.364836,34
634,602.9262,1580.4243,8444.341,450,1.339836,34
635,592.991,1578.4852,8444.341,451,1.314836,34
636,583.0059,1575.3586,8444.341,452,1.289836,34
637,572.97076,1573.9408,8444.341,453,1.2648361,34
638,562.88556,1580.4395,8444.341,454,1.2398361,34
639,552.7504,1582.3046,8444.341,455,1.2148361,34
640,610.9653,1540.4263,8444.341,456,1.3398361,35
641,600.8801,1542.1381,8444.341,457,1.3148361,35
642,590.745,1544.8625,8444.341,458,1.2898362,35
643,597.6552,1506.1274,8444.341,418,1.4297972,36
644,588.61005,1501.7595,8444.341,419,1.4047972,36
645,369.51483,1452.5623,8444.341,420,0.8797972,37
646,359.86963,1468.8293,8456.672,421,0.85479724,37
647,350.17444,1472.487,8456.672,422,0.82979727,37
648,340.42926,1466.4121,8456.672,423,0.8047973,37
649,394.23404,1466.3881,8456.672,424,0.9297973,37
650,384.53885,1459.1388,8456.672,425,0.9047973,37
651,3362.9314,1421.4423,8456.672,380,8.849819,38
652,3362.2559,1375.8479,8456.672,381,8.824819,39
653,3170.5305,1373.7526,8456.672,382,8.299818,39
654,3169.2551,1377.9412,8528.271,383,8.274817,39
655,3167.9297,1367.3231,8528.271,384,8.249817,39
656,3166.5542,1358.6298,8528.271,385,8.224816,39
657,3165.129,1352.1208,8528.271,386,8.199816,39
658,3221.7034,1349.8462,8528.271,387,8.324815,39
659,3220.328,1350.0144,8528.271,388,8.299814,39
660,3277.2524,1349.9286,8528.271,389,8.424813,39
661,3275.927,1383.2584,8528.271,390,8.399813,38
662,3274.5515,1385.3887,8528.271,391,8.374812,38
663,3273.1262,1384.6274,8528.271,392,8.349812,38
664,3330.6006,1384.0288,8528.271,393,8.474811,38
665,57.110947,1425.6278,8528.271,440,0.12979761,37
666,46.21574,1429.1892,8528.271,441,0.104797594,37
667,3385.724,1391.0173,8580.196,396,8.5498085,38
668,3443.8987,1388.093,8580.196,397,8.674808,38
669,3502.323,1430.1217,8580.196,398,8.799807,37
670,3501.1477,1429.8243,8580.196,399,8.774806,37
671,3431.9392,1465.0052,8580.196,352,9.749827,36
672,3432.8638,1468.0024,8661.172,353,9.724827,36
673,3433.7385,1467.2626,8661.172,354,9.699826,36
674,3434.5632,1464.3635,8661.172,355,9.674826,36
675,3435.3376,1464.1112,8750.496,356,9.649825,36
676,3436.0623,1458.5948,8750.496,357,9.624825,36
677,3735.119,1507.9536,8750.496,406,9.1998005,35
678,3734.1436,1512.6993,8750.496,407,9.1748,35
679,3545.936,1476.2024,8750.496,360,9.849822,36
680,3546.7605,1475.8705,8750.496,361,9.824821,36
681,3547.5352,1479.0347,8750.496,362,9.799821,36
682,3548.2598,1433.9365,8750.496,363,9.77482,37
683,3548.9343,1434.0043,8750.496,364,9.74982,37
684,3549.559,1476.8853,8750.496,365,9.724819,36
685,3605.0334,1477.9984,8750.496,366,9.849818,36
686,3605.708,1474.488,8806.671,367,9.824818,36
687,3606.3328,1476.033,8806.671,368,9.799817,36
688,3606.9072,1471.1052,8806.671,369,9.7748165,36
689,3607.432,1471.5021,8806.671,370,9.749816,36
690,3607.9065,1465.2931,8806.671,371,9.724815,36
691,3664.1309,1466.1702,8806.671,372,9.849814,36
692,3664.6555,1464.5597,8806.671,373,9.824814,36
693,3721.23,1460.1453,8806.671,374,9.949813,36
694,3721.8047,1459.318,8874.2705,375,9.924812,36
695,3722.329,1500.6862,8874.2705,376,9.899812,35
696,3722.8037,1496.7445,8874.2705,377,9.874811,35
697,3779.9282,1495.1573,8874.2705,378,9.99981,35
698,179.26225,1543.0437,8960.2705,355,0.5049641,34
699,170.86723,1539.2749,8960.2705,356,0.47996414,34
700,215.9722,1539.9645,8960.2705,357,0.60496414,34
701,207.62717,1547.4939,8960.2705,358,0.57996416,34
702,199.23215,1546.6003,9046.67,359,0.5549642,34
703,244.78711,1550.8623,9046.67,360,0.6799642,34
704,3647.8003,1610.3856,9142.97,385,9.474806,33
705,3705.5247,1609.8583,9142.97,386,9.599805,33
706,3705.4492,1618.0314,9239.67,387,9.574804,33
707,3705.3237,1611.9039,9239.67,388,9.549804,33
708,3705.1484,1614.6135,9239.67,389,9.524803,33
709,3763.4229,1666.1997,9239.67,390,9.649802,32
710,3567.7974,1662.2488,9239.67,391,9.124802,32
711,3625.9219,1651.0305,9239.67,392,9.249801,32
712,3625.3464,1658.095,9239.67,393,9.2248,32
713,3624.721,1660.0989,9239.67,394,9.1998,32
714,3683.2954,1657.51,9239.67,395,9.324799,32
715,3682.72,1660.9983,9239.67,396,9.299798,32
716,3741.6445,1662.4376,9239.67,397,9.424797,32
717,3741.119,1715.4109,9239.67,398,9.3997965,31
718,339.36166,1769.5316,9239.67,375,0.90496445,30
719,330.86664,1780.7509,9239.67,376,0.8799645,30
720,322.32162,1797.3556,9239.67,377,0.8549645,30
721,313.7266,1746.1241,9239.67,378,0.8299645,31
722,305.08157,1744.2135,9239.67,379,0.80496454,31
723,353.38654,1750.3046,9239.67,380,0.92996454,31
724,459.0915,1755.8041,9239.67,381,1.2049645,31
725,450.74646,1752.5044,9239.67,382,1.1799645,31
726,442.35144,1753.4412,9239.67,383,1.1549646,31
727,433.9064,1762.476,9239.67,384,1.1299646,31
728,483.16138,1824.8226,9239.67,385,1.2549646,30
729,474.76633,1807.759,9239.67,386,1.2299646,30
730,466.32132,1805.9557,9239.67,387,1.2049646,30
731,457.8263,1796.7518,9239.67,388,1.1799647,30
732,449.28125,1803.4633,9239.67,389,1.1549647,30
733,440.68625,1792.1912,9239.67,390,1.1299647,30
734,432.0412,1735.0253,9239.67,391,1.1049647,31
735,423.3462,1739.8503,9239.67,392,1.0799648,31
736,414.60117,1736.7732,9239.67,393,1.0549648,31
737,464.90613,1732.7115,9239.67,394,1.1799648,31
738,515.46106,1745.0706,9239.67,395,1.3049648,31
739,506.86606,1746.8265,9239.67,396,1.2799648,31
740,498.22104,1807.8954,9239.67,397,1.2549648,30
741,487.2023,1696.4989,9239.67,336,1.4500068,32
742,480.22733,1700.4032,9239.67,337,1.4250069,32
743,473.20233,1695.9702,9239.67,338,1.4000069,32
744,463.14093,1755.3546,9239.67,401,1.1549649,31
745,454.2459,1758.671,9239.67,402,1.129965,31
746,445.30087,1757.706,9239.67,403,1.104965,31
747,436.30585,1758.6884,9239.67,404,1.079965,31
748,427.26083,1761.4348,9239.67,405,1.054965,31
749,418.1658,1754.9673,9239.67,406,1.029965,31
750,409.02078,1754.554,9239.67,407,1.0049651,31
751,399.82574,1764.1265,9239.67,408,0.9799651,31
752,390.58072,1760.0325,9239.67,409,0.9549651,31
753,442.7857,1761.3132,9239.67,410,1.0799651,31
754,433.59067,1746.5358,9239.67,411,1.0549651,31
755,367.50247,1692.8373,9239.67,350,1.0500071,32
756,412.4275,1688.1917,9239.67,351,1.1750071,32
757,510.4025,1693.2786,9239.67,352,1.4500071,32
758,503.0275,1695.2455,9239.67,353,1.4250071,32
759,495.6025,1693.7592,9239.67,354,1.4000071,32
760,488.12753,1697.365,9239.67,355,1.3750072,32
761,534.00256,1696.2018,9239.67,356,1.5000072,32
762,580.12756,1694.4048,9239.67,357,1.6250072,32
763,626.50256,1697.0447,9239.67,358,1.7500072,32
764,619.2776,1698.8209,9239.67,359,1.7250072,32
765,612.00256,1703.5563,9239.67,360,1.7000072,32
766,604.6776,1693.1262,9239.67,361,1.6750072,32
767,597.3026,1689.9834,9239.67,362,1.6500072,32
768,589.8776,1692.9927,9239.67,363,1.6250073,32
769,582.40265,1692.5507,9239.67,364,1.6000073,32
770,574.8777,1697.3386,9239.67,365,1.5750073,32
771,622.2027,1699.926,9239.67,366,1.7000073,32
772,614.7277,1701.9429,9239.67,367,1.6750073,32
773,607.2027,1701.4774,9239.67,368,1.6500074,32
774,599.62775,1705.3119,9239.67,369,1.6250074,32
775,592.00275,1689.7096,9239.67,370,1.6000074,32
776,584.32776,1695.7815,9239.67,371,1.5750074,32
777,576.6028,1708.8206,9239.67,372,1.5500075,32
778,568.8278,1711.7501,9239.67,373,1.5250075,32
779,617.1028,1700.6466,9239.67,374,1.6500075,32
780,609.3778,1697.1326,9239.67,375,1.6250075,32
781,601.60284,1639.0021,9239.67,376,1.6000075,33
782,593.77783,1635.2908,9239.67,377,1.5750076,33
783,585.9029,1631.0887,9239.67,378,1.5500076,33
784,577.9779,1627.5181,9239.67,379,1.5250076,33
785,570.0029,1639.2963,9239.67,380,1.5000076,33
786,561.9779,1649.6593,9239.67,381,1.4750077,33
787,361.8053,1598.9452,9239.67,316,1.1449535,34
788,355.02527,1604.4564,9239.67,317,1.1199535,34
789,348.19522,1607.0546,9239.67,318,1.0949535,34
790,437.01517,1610.7538,9239.67,319,1.3699535,34
791,430.38513,1606.9869,9239.67,320,1.3449535,34
792,423.70508,1611.3673,9239.67,321,1.3199536,34
793,416.97507,1610.5712,9239.67,322,1.2949536,34
794,410.195,1608.3662,9239.67,323,1.2699536,34
795,403.365,1609.488,9239.67,324,1.2449536,34
796,396.48492,1613.8209,9239.67,325,1.2199537,34
797,389.5549,1566.9376,9239.67,326,1.1949537,35
798,382.57486,1562.8395,9239.67,327,1.1699537,35
799,375.54483,1561.49,9239.67,328,1.1449537,35
800,368.46478,1561.9841,9239.67,329,1.1199538,35
801,410.83475,1572.5817,9239.67,330,1.2449538,35
802,403.8047,1547.3478,9239.67,331,1.2199538,35
803,396.72467,1558.7083,9239.67,332,1.1949538,35
804,389.59464,1552.2372,9239.67,333,1.1699538,35
805,382.41458,1548.4431,9239.67,334,1.1449538,35
806,425.43454,1549.5533,9239.67,335,1.2699538,35
807,418.3045,1540.5952,9239.67,336,1.2449539,35
808,411.12445,1535.5426,9239.67,337,1.2199539,35
809,454.59442,1585.8882,9239.67,338,1.3449539,34
810,498.31436,1639.3113,9239.67,339,1.4699539,33
811,1383.6633,1600.0392,9239.67,317,4.3648686,34
812,1380.078,1552.4617,9239.67,318,4.339868,35
813,1376.4427,1548.4218,9239.67,319,4.3148675,35
814,1372.7574,1548.4849,9239.67,320,4.289867,35
815,1369.0221,1549.8652,9239.67,321,4.2648664,35
816,586.0095,1514.0137,9239.67,299,1.9598981,36
817,580.4694,1510.235,9239.67,300,1.9348981,36
818,574.87933,1509.9144,9239.67,301,1.9098982,36
819,569.23926,1512.852,9239.67,302,1.8848982,36
820,563.54913,1508.0328,9239.67,303,1.8598982,36
821,557.8091,1502.8943,9239.67,304,1.8348982,36
822,552.019,1496.9542,9239.67,305,1.8098983,36
823,546.1789,1500.2352,9239.67,306,1.7848983,36
824,540.28876,1496.6995,9239.67,307,1.7598983,36
825,534.3487,1495.0647,9239.67,308,1.7348983,36
826,528.3586,1453.1836,9239.67,309,1.7098984,37
827,522.3185,1460.1405,9239.67,310,1.6848984,37
828,609.5284,1472.3906,9239.67,311,1.9598984,37
829,603.6883,1471.6707,9239.67,312,1.9348984,37
830,597.7982,1476.6896,9239.67,313,1.9098984,37
831,591.8581,1517.5621,9239.67,314,1.8848984,36
832,585.868,1521.2976,9239.67,315,1.8598984,36
833,579.82794,1521.3373,9239.67,316,1.8348985,36
834,573.7378,1520.0387,9239.67,317,1.8098985,36
835,615.2977,1535.3988,9239.67,318,1.9348985,36
836,609.2576,1486.0248,9239.67,319,1.9098985,37
837,603.16754,1487.6604,9239.67,320,1.8848985,37
838,645.17737,1470.4524,9239.67,321,2.0098984,37
839,687.43713,1465.4471,9239.67,322,2.134898,37
840,681.4968,1506.5269,9239.67,323,2.1098974,36
841,675.5066,1502.5952,9239.67,324,2.0848968,36
842,669.46625,1502.1217,9239.67,325,2.0598962,36
843,663.376,1507.7858,9239.67,326,2.0348957,36
844,657.2357,1516.9752,9239.67,327,2.009895,36
845,1444.3123,1559.8412,9239.67,351,4.1148496,35
846,1439.6268,1558.6816,9239.67,352,4.089849,35
847,1434.8915,1560.608,9239.67,353,4.0648484,35
848,1430.1061,1563.9027,9239.67,354,4.039848,35
849,1425.2708,1568.9473,9239.67,355,4.0148473,35
850,1473.7854,1617.8165,9239.67,356,4.139847,34
851,1469.0001,1616.7788,9239.67,357,4.114846,34
852,1464.1648,1623.6808,9239.67,358,4.0898457,34
853,1459.2794,1622.6487,9239.67,359,4.064845,34
854,1508.3441,1617.5315,9239.67,360,4.1898446,34
855,1503.5087,1624.3837,9239.67,361,4.164844,34
856,527.4326,1671.8423,9239.67,385,1.3699548,33
857,1548.1381,1636.5676,9239.67,363,4.264843,34
858,1543.3026,1650.3618,9239.67,364,4.2398424,34
859,502.4425,1702.0061,9239.67,388,1.2949549,33
860,494.01245,1697.9315,9239.67,389,1.2699549,33
861,485.53244,1751.3927,9239.67,390,1.244955,32
862,477.00238,1752.9814,9239.67,391,1.219955,32
863,468.42236,1746.4438,9239.67,392,1.194955,32
864,459.79233,1742.0952,9239.67,393,1.169955,32
865,451.11227,1743.561,9239.67,394,1.144955,32
866,442.38226,1750.4653,9239.67,395,1.1199551,32
867,493.0022,1748.3857,9239.67,396,1.2449551,32
868,484.32217,1744.1979,9239.67,397,1.2199551,32
869,475.59213,1747.0337,9239.67,398,1.1949551,32
870,466.8121,1750.5507,9239.67,399,1.1699551,32
871,457.98206,1747.2772,9239.67,400,1.1449552,32
872,449.10202,1747.6705,9239.67,401,1.1199552,32
873,440.172,1750.8081,9239.67,402,1.0949552,32
874,491.64194,1748.2189,9239.67,403,1.2199552,32
875,482.7619,1748.1721,9239.67,404,1.1949552,32
876,473.83188,1743.7015,9239.67,405,1.1699553,32
877,589.9947,1794.2535,9239.67,472,1.2499888,31
878,579.41974,1791.3654,9239.67,473,1.2249888,31
879,446.74176,1731.7158,9239.67,408,1.0949553,32
880,437.61172,1726.7919,9239.67,409,1.0699553,32
881,428.4317,1728.9148,9239.67,410,1.0449554,32
882,419.20166,1732.8533,9239.67,411,1.0199554,32
883,409.92163,1727.606,9239.67,412,0.9949554,32
884,514.91974,1783.914,9239.67,479,1.074989,31
885,453.31155,1850.0319,9239.67,414,1.0949554,30
886,444.03152,1841.4137,9239.67,415,1.0699555,30
887,434.70148,1821.9142,9239.67,416,1.0449555,30
888,487.87143,1818.6229,9239.67,417,1.1699555,30
889,478.5914,1814.7649,9239.67,418,1.1449555,30
890,469.26138,1880.9418,9239.67,419,1.1199555,29
891,459.88135,1885.3126,9239.67,420,1.0949556,29
892,1249.6498,1877.1925,9239.67,398,3.1398234,29
893,633.5163,1813.364,9239.67,376,1.6848838,30
894,625.7762,1817.0841,9239.67,377,1.6598839,30
895,1289.1436,1876.2642,9239.67,401,3.2148218,29
896,1282.3081,1873.8043,9239.67,402,3.1898212,29
897,1275.4227,1878.934,9239.67,403,3.1648207,29
898,1268.4873,1881.1692,9239.67,404,3.13982,29
899,1322.252,1879.9866,9239.67,405,3.2648196,29
900,1315.3666,1888.7784,9239.67,406,3.239819,29
901,1308.4312,1886.6473,9239.67,407,3.2148185,29
902,619.80536,1831.596,9239.67,385,1.609884,30
903,611.76526,1824.9441,9239.67,386,1.584884,30
904,603.6751,1823.7623,9239.67,387,1.5598841,30
905,595.53503,1821.4957,9239.67,388,1.5348841,30
906,587.3449,1828.5988,9239.67,389,1.5098841,30
907,637.6048,1824.0637,9239.67,390,1.6348841,30
908,1382.6832,1887.0938,9239.67,414,3.3398147,29
909,1375.6478,1886.9714,9239.67,415,3.314814,29
910,1368.5624,1886.4786,9239.67,416,3.2898135,29
911,1423.977,1866.2026,9239.67,417,3.414813,29
912,1416.9417,1867.6771,9239.67,418,3.3898125,29
913,1409.8562,1879.301,9239.67,419,3.364812,29
914,1465.7208,1880.3785,9239.67,420,3.4898114,29
915,1458.6854,1881.1581,9239.67,421,3.4648108,29
916,1451.6,1880.4059,9239.67,422,3.4398103,29
917,1444.4645,1879.2318,9239.67,423,3.4148097,29
918,1500.8792,1877.7491,9239.67,424,3.5398092,29
919,1493.7937,1883.4736,9239.67,425,3.5148087,29
920,1486.6582,1885.3407,9239.67,426,3.489808,29
921,700.8933,1827.1256,9239.67,404,1.7348844,30
922,692.5032,1834.2806,9239.67,405,1.7098844,30
923,684.06305,1833.885,9239.67,406,1.6848844,30
924,675.573,1772.2074,9239.67,407,1.6598845,31
925,667.03284,1775.6185,9239.67,408,1.6348845,31
926,719.7927,1775.1787,9239.67,409,1.7598845,31
927,711.3027,1775.8801,9239.67,410,1.7348845,31
928,322.4012,1710.8608,9239.67,248,1.3000048,32
929,694.1724,1775.9973,9239.67,412,1.6848845,31
930,685.53235,1765.3108,9239.67,413,1.6598846,31
931,676.8422,1768.731,9239.67,414,1.6348846,31
932,730.3521,1767.7269,9239.67,415,1.7598846,31
933,721.712,1768.2404,9239.67,416,1.7348846,31
934,713.0219,1780.2831,9239.67,417,1.7098846,31
935,766.9818,1780.5515,9239.67,418,1.8348846,31
936,758.3417,1791.2263,9239.67,419,1.8098847,31
937,749.65155,1790.0592,9239.67,420,1.7848847,31
938,740.91144,1797.326,9239.67,421,1.7598847,31
939,732.12134,1812.3495,9239.67,422,1.7348847,31
940,723.28125,1809.0131,9239.67,423,1.7098848,31
941,371.92633,1768.166,9239.67,261,1.4250051,32
942,366.80133,1763.6411,9239.67,262,1.4000051,32
943,361.62634,1761.4974,9239.67,263,1.3750051,32
944,396.00134,1768.776,9239.67,264,1.5000051,32
945,390.87637,1777.1805,9239.67,265,1.4750051,32
946,385.7014,1772.3528,9239.67,266,1.4500052,32
947,380.47638,1718.3809,9239.67,267,1.4250052,33
948,375.2014,1720.8855,9239.67,268,1.4000052,33
949,369.8764,1721.6895,9239.67,269,1.3750052,33
950,405.0014,1723.4984,9239.67,270,1.5000052,33
951,285.12076,1665.4906,9239.67,198,1.4400038,34
952,394.40143,1724.1113,9239.67,272,1.4500053,33
953,389.02646,1724.7063,9239.67,273,1.4250053,33
954,304.51578,1669.2394,9239.67,201,1.5150038,34
955,300.98077,1677.9734,9239.67,202,1.4900038,34
956,297.39578,1679.6008,9239.67,203,1.4650038,34
957,270.0765,1784.9624,9239.67,277,0.9750054,32
958,264.1015,1784.7384,9239.67,278,0.9500054,32
959,258.0765,1775.0002,9239.67,279,0.92500544,32
960,252.00153,1781.0171,9239.67,280,0.90000546,32
961,245.87654,1845.6414,9239.67,281,0.8750055,31
962,282.00156,1848.4174,9239.67,282,1.0000055,31
963,275.92654,1864.353,9239.67,283,0.9750055,31
964,269.80157,1863.395,9239.67,284,0.95000553,31
965,306.3766,1872.3016,9239.67,285,1.0750055,31
966,343.20157,1869.6174,9239.67,286,1.2000055,31
967,380.27658,1877.621,9239.67,287,1.3250055,31
968,374.4016,1882.9714,9239.67,288,1.3000056,31
969,368.47662,1869.0066,9239.67,289,1.2750056,31
970,339.6059,1818.381,9239.67,217,1.5650041,32
971,335.7209,1815.4576,9239.67,218,1.5400041,32
972,331.78592,1831.4125,9239.67,219,1.5150042,32
973,327.80093,1839.1237,9239.67,220,1.4900042,32
974,356.91592,1784.533,9239.67,221,1.6150042,33
975,352.98093,1788.862,9239.67,222,1.5900042,33
976,20.875566,1716.0405,9239.67,167,0.1250034,34
977,16.800568,1709.4756,9239.67,168,0.100003384,34
978,38.025578,1696.1855,9239.67,169,0.22500342,34
979,34.000587,1648.2025,9239.67,170,0.20000345,35
980,29.925592,1651.2341,9239.67,171,0.17500347,35
981,25.8006,1635.9337,9239.67,172,0.1500035,35
982,21.625608,1690.6846,9239.67,173,0.12500352,34
983,17.40061,1685.8828,9239.67,174,0.1000035,34
984,13.12561,1671.0148,9239.67,175,0.07500349,34
985,380.48102,1779.199,9239.67,232,1.6400044,32
986,376.29602,1766.484,9239.67,233,1.6150044,32
987,372.06104,1770.1733,9239.67,234,1.5900044,32
988,431.20184,1824.9874,9239.67,308,1.4000059,31
989,424.87683,1817.3167,9239.67,309,1.375006,31
990,465.00186,1822.4202,9239.67,310,1.500006,31
991,458.72687,1823.8591,9239.67,311,1.475006,31
992,452.4019,1805.6273,9239.67,312,1.450006,31
993,446.0269,1804.4819,9239.67,313,1.425006,31
994,439.6019,1813.0233,9239.67,314,1.400006,31
995,433.12692,1812.3861,9239.67,315,1.3750061,31
996,474.00192,1794.8157,9239.67,316,1.5000061,31
997,467.57693,1795.3788,9239.67,317,1.4750061,31
998,461.10196,1797.2568,9239.67,318,1.4500061,31
999,454.57697,1803.8347,9239.67,319,1.4250062,31
1000,448.00198,1803.8298,9239.67,320,1.4000062,31
1001,489.52698,1788.3158,9239.67,321,1.5250062,31
1002,531.302,1843.373,9239.67,322,1.6500062,30
1003,524.877,1849.8171,9239.67,323,1.6250062,30
1004,518.40204,1911.526,9239.67,324,1.6000062,29
1005,511.87704,1878.9034,9239.67,325,1.5750062,29
1006,433.8962,1808.9329,9239.67,253,1.7150048,30
1007,467.3612,1810.1791,9239.67,254,1.8400048,30
1008,462.82623,1832.9216,9239.67,255,1.8150048,30
1009,458.24124,1845.6349,9239.67,256,1.7900048,30
1010,453.60626,1845.9675,9239.67,257,1.7650049,30
1011,448.92126,1780.3777,9239.67,258,1.7400049,31
1012,444.18628,1763.9911,9239.67,259,1.7150049,31
1013,439.40128,1766.4047,9239.67,260,1.690005,31
1014,434.56628,1774.7197,9239.67,261,1.665005,31
1015,429.6813,1776.7284,9239.67,262,1.640005,31
1016,636.2896,1719.614,9239.67,202,3.1499486,32
1017,634.36444,1725.4388,9239.67,203,3.124948,32
1018,632.3893,1722.8312,9239.67,204,3.0999475,32
1019,630.36414,1740.3098,9239.67,205,3.0749469,32
1020,659.18896,1726.7194,9239.67,206,3.1999464,32
1021,688.2638,1723.2694,9239.67,207,3.324946,32
1022,686.3886,1723.7019,9239.67,208,3.2999454,32
1023,684.46344,1733.1138,9239.67,209,3.2749448,32
1024,713.9883,1735.029,9239.67,210,3.3999443,32
1025,364.4814,1772.3448,9239.67,272,1.3400052,31
1026,358.99643,1845.0209,9239.67,273,1.3150052,30
1027,353.46143,1844.6503,9239.67,274,1.2900052,30
1028,389.12643,1815.3679,9239.67,275,1.4150052,30
1029,383.64145,1812.6074,9239.67,276,1.3900052,30
1030,378.10645,1815.3971,9239.67,277,1.3650053,30
1031,359.77737,1879.1261,9239.67,351,1.0250068,29
1032,352.00238,1885.3676,9239.67,352,1.0000068,29
1033,397.1274,1898.4988,9239.67,353,1.1250068,29
1034,389.4024,1894.3059,9239.67,354,1.1000068,29
1035,381.62744,1894.4457,9239.67,355,1.0750068,29
1036,373.80243,1898.622,9239.67,356,1.0500069,29
1037,419.47745,1897.7032,9239.67,357,1.1750069,29
1038,332.02655,1837.033,9239.67,285,1.1650054,30
1039,368.94156,1837.2441,9239.67,286,1.2900054,30
1040,396.0025,1902.2385,9239.67,360,1.1000069,29
1041,442.2275,1912.1263,9311.763,361,1.2250069,29
1042,434.40253,1923.0675,9432.582,362,1.200007,29
1043,426.52753,1924.363,9432.582,363,1.175007,29
1044,418.60254,1918.734,9432.582,364,1.150007,29
1045,376.6816,1867.504,9531.038,292,1.2900056,30
1046,370.64664,1867.7227,9531.038,293,1.2650056,30
1047,364.56165,1866.3812,9531.038,294,1.2400056,30
1048,358.42667,1875.8844,9629.945,295,1.2150056,30
1049,396.64166,1885.7229,9629.945,296,1.3400056,30
1050,435.10666,1887.991,9629.945,297,1.4650056,30
1051,429.12167,1889.6947,9729.302,298,1.4400057,30
1052,423.0867,1891.9528,9729.302,299,1.4150057,30
1053,417.0017,1891.516,9840.439,300,1.3900057,30
1054,923.98267,1777.3785,9840.439,240,3.849928,32
1055,921.8075,1775.8298,9840.439,241,3.8249273,32
1056,919.5823,1782.6373,9940.696,242,3.7999268,32
1057,917.30707,1781.818,9940.696,243,3.7749262,32
1058,431.57678,1840.6609,9940.696,305,1.4150058,31
1059,425.3418,1858.182,9940.696,306,1.3900058,31
1060,465.10678,1857.3284,9940.696,307,1.5150058,31
1061,458.9218,1860.422,9940.696,308,1.4900059,31
1062,452.68683,1866.5962,10007.26,309,1.4650059,31
1063,446.40182,1872.0571,10007.26,310,1.4400059,31
1064,937.4806,1821.3193,10007.26,250,3.7499223,32
1065,480.48184,1881.3419,10007.26,312,1.5400059,31
1066,970.1802,1825.642,10007.26,252,3.8499212,32
1067,967.70496,1821.671,10007.26,253,3.8249207,32
1068,965.1797,1831.2179,10073.824,254,3.79992,32
1069,962.6045,1838.9159,10073.824,255,3.7749195,32
1070,959.97925,1837.7333,10073.824,256,3.749919,32
1071,957.304,1838.2676,10073.824,257,3.7249184,32
1072,954.5788,1775.6349,10073.824,258,3.6999178,33
1073,951.8036,1773.5209,10073.824,259,3.6749172,33
1074,948.97833,1775.0885,10073.824,260,3.6499166,33
1075,946.1031,1781.0109,10073.824,261,3.624916,33
1076,369.19946,1722.2606,10073.824,186,1.9849434,34
1077,366.50943,1720.294,10073.824,187,1.9599434,34
1078,363.76938,1764.9062,10073.824,188,1.9349434,33
1079,360.9793,1769.0146,10073.824,189,1.9099435,33
1080,358.13925,1767.405,10073.824,190,1.8849435,33
1081,355.2492,1757.4698,10073.824,191,1.8599435,33
1082,352.30914,1757.1089,10073.824,192,1.8349435,33
1083,349.3191,1748.4598,10073.824,193,1.8099436,33
1084,346.27905,1762.9293,10073.824,194,1.7849436,33
1085,343.189,1762.9666,10073.824,195,1.7599436,33
1086,340.04895,1750.084,10073.824,196,1.7349436,33
1087,336.8589,1810.7511,10073.824,197,1.7099437,32
1088,904.175,1851.6388,10073.824,274,3.2999086,31
1089,900.59973,1848.3973,10073.824,275,3.274908,31
1090,896.9745,1854.3859,10073.824,276,3.2499075,31
1091,353.7487,1806.5375,10073.824,201,1.7599437,32
1092,350.45865,1801.4714,10073.824,202,1.7349437,32
1093,347.1186,1803.0823,10073.824,203,1.7099438,32
1094,343.72855,1800.9348,10073.824,204,1.6849438,32
1095,340.28848,1806.4203,10073.824,205,1.6599438,32
1096,336.79843,1745.1812,10073.824,206,1.6349438,33
1097,333.2584,1741.5322,10073.824,207,1.6099439,33
1098,411.0755,1691.836,10073.824,172,2.3899739,34
1099,409.14038,1696.9957,10073.824,173,2.3649733,34
1100,322.33823,1749.6108,10073.824,210,1.5349439,33
1101,318.59818,1754.7393,10087.049,211,1.509944,33
1102,314.80814,1753.0947,10087.049,212,1.484944,33
1103,310.96808,1762.5956,10087.049,213,1.459944,33
1104,307.07803,1756.0966,10087.049,214,1.434944,33
1105,303.13797,1754.7659,10087.049,215,1.409944,33
1106,331.5479,1745.949,10087.049,216,1.534944,33
1107,327.65787,1746.1348,10087.049,217,1.5099441,33
1108,323.7178,1752.7369,10138.382,218,1.4849441,33
1109,319.72775,1747.1172,10138.382,219,1.4599441,33
1110,348.6877,1745.4921,10138.382,220,1.5849441,33
1111,344.74765,1746.1586,10241.788,221,1.5599442,33
1112,340.7576,1748.8474,10241.788,222,1.5349442,33
1113,488.9986,1696.7097,10241.788,187,2.6149657,34
1114,486.91345,1694.8193,10241.788,188,2.589965,34
1115,484.7783,1700.228,10332.613,189,2.5649645,34
1116,482.59314,1697.6995,10332.613,190,2.539964,34
1117,388.15735,1750.2053,10332.613,227,1.7099442,33
1118,384.1673,1754.512,10332.613,228,1.6849443,33
1119,414.47723,1823.6221,10567.688,229,1.8099443,32
1120,410.5372,1827.0603,10567.688,230,1.7849443,32
1121,406.54715,1820.4658,10567.688,231,1.7599443,32
1122,402.50708,1821.5663,10567.688,232,1.7349443,32
1123,398.41702,1828.3075,10567.688,233,1.7099444,32
1124,394.27698,1830.4849,10567.688,234,1.6849444,32
1125,390.08694,1826.7762,10567.688,235,1.6599444,32
1126,385.8469,1824.3962,10567.688,236,1.6349444,32
1127,915.48956,1875.9855,10567.688,313,2.9248867,31
1128,910.5643,1880.0671,10567.688,314,2.8998861,31
1129,905.5889,1872.7444,10567.688,315,2.8748856,31
1130,368.3867,1739.7426,10567.688,240,1.5349445,33
1131,363.89664,1736.8208,10567.688,241,1.5099446,33
1132,395.6566,1733.4006,10567.688,242,1.6349446,33
1133,391.21652,1735.5618,10567.688,243,1.6099446,33
1134,386.72647,1736.0173,10567.688,244,1.5849446,33
1135,382.18643,1738.1908,10567.688,245,1.5599446,33
1136,522.8901,1692.7402,10567.688,210,2.4899528,34
1137,520.1049,1642.9277,10567.688,211,2.4649522,35
1138,517.2698,1648.167,10567.688,212,2.4399517,35
1139,514.3846,1642.2379,10567.688,213,2.414951,35
1140,113.05073,1593.1013,10567.688,190,0.59500384,36
1141,108.870735,1588.435,10567.688,191,0.57000387,36
1142,133.44073,1581.8483,10567.688,192,0.69500387,36
1143,129.31075,1619.8662,10567.688,193,0.6700039,35
1144,125.13076,1624.9551,10567.688,194,0.6450039,35
1145,150.15076,1619.9529,10567.688,195,0.7700039,35
1146,146.02077,1627.2435,10567.688,196,0.74500394,35
1147,141.84077,1622.3772,10567.688,197,0.72000396,35
1148,137.6108,1624.8992,10567.688,198,0.695004,35
1149,133.3308,1621.6886,10567.688,199,0.670004,35
1150,129.00081,1686.04,10567.688,200,0.64500403,34
1151,475.86246,1715.0552,10567.688,225,2.1149442,33
1152,472.32727,1708.5316,10567.688,226,2.0899436,33
1153,468.74207,1766.27,10567.688,227,2.064943,32
1154,286.4255,1819.1549,10567.688,264,1.0849451,31
1155,280.88547,1819.8828,10567.688,265,1.0599451,31
1156,275.2954,1815.7264,10567.688,266,1.0349451,31
1157,269.65536,1815.4849,10567.688,267,1.0099452,31
1158,263.9653,1816.7804,10567.688,268,0.9849452,31
1159,258.22525,1805.2146,10567.688,269,0.9599452,31
1160,252.43521,1810.8793,10567.688,270,0.9349452,31
1161,246.59517,1794.4183,10567.688,271,0.90994525,31
1162,240.70511,1784.8783,10567.688,272,0.8849453,31
1163,234.76506,1788.4723,10567.688,273,0.8599453,31
1164,228.77502,1796.061,10567.688,274,0.8349453,31
1165,263.98495,1794.939,10567.688,275,0.9599453,31
1166,258.04492,1806.3765,10567.688,276,0.93494534,31
1167,252.05487,1809.4266,10567.688,277,0.90994537,31
1168,246.01482,1810.6122,10567.688,278,0.8849454,31
1169,239.92477,1814.937,10567.688,279,0.8599454,31
1170,275.78473,1822.2163,10567.688,280,0.9849454,31
1171,269.74466,1825.6616,10567.688,281,0.95994544,31
1172,263.65463,1817.3284,10567.688,282,0.93494546,31
1173,485.33978,1763.1475,10567.688,247,1.9649384,32
1174,481.10474,1757.0883,10567.688,248,1.9399384,32
1175,476.81967,1764.9597,10567.688,249,1.9149384,32
1176,472.48462,1762.5537,10567.688,250,1.8899385,32
1177,468.09955,1757.6318,10567.688,251,1.8649385,32
1178,463.66452,1758.2239,10567.688,252,1.8399385,32
1179,459.17944,1737.2505,10567.688,253,1.8149385,32
1180,492.7444,1738.4551,10567.688,254,1.9399385,32
1181,488.30933,1733.947,10567.688,255,1.9149386,32
1182,522.2241,1730.083,10567.688,256,2.039938,32
1183,517.8389,1724.2192,10567.688,257,2.0149374,32
1184,513.4038,1726.6736,10567.688,258,1.9899372,32
1185,508.91873,1729.0765,10567.688,259,1.9649372,32
1186,504.38367,1683.7106,10567.688,260,1.9399372,33
1187,538.94855,1683.5441,10567.688,261,2.0649369,33
1188,534.4633,1688.6045,10567.688,262,2.0399363,33
1189,569.3781,1703.388,10567.688,263,2.1649358,33
1190,564.94293,1701.1715,10567.688,264,2.1399353,33
1191,560.4577,1690.2496,10567.688,265,2.1149347,33
1192,555.9225,1687.8861,10567.688,266,2.089934,33
1193,187.11118,1638.32,10567.688,243,0.77000487,34
1194,181.78119,1633.5702,10567.688,244,0.7450049,34
1195,176.4012,1641.5244,10567.688,245,0.7200049,34
1196,170.97122,1649.1069,10567.688,246,0.69500494,34
1197,165.49123,1655.0377,10567.688,247,0.67000496,34
1198,159.96124,1600.9481,10567.688,248,0.645005,35
1199,191.73125,1602.2007,10567.688,249,0.770005,35
1200,186.25125,1602.5266,10567.688,250,0.745005,35
1201,180.72127,1606.0846,10567.688,251,0.72000504,35
1202,175.14128,1612.4617,10567.688,252,0.69500506,35
1203,169.51129,1612.82,10567.688,253,0.6700051,35
1204,163.8313,1605.8555,10567.688,254,0.6450051,35
1205,158.1013,1607.0656,10567.688,255,0.62000513,35
1206,152.32132,1601.5978,10567.688,256,0.59500515,35
1207,146.49133,1595.385,10567.688,257,0.5700052,35
1208,179.31134,1634.2491,10567.688,258,0.6950052,34
1209,173.53134,1635.9578,10567.688,259,0.6700052,34
1210,167.70135,1640.003,10567.688,260,0.6450052,34
1211,161.82137,1587.824,10567.688,261,0.62000525,35
1212,155.89139,1581.4453,10567.688,262,0.5950053,35
1213,149.91139,1576.9913,10567.688,263,0.5700053,35
1214,143.88141,1577.365,10567.688,264,0.5450053,35
1215,137.80142,1573.5599,10567.688,265,0.52000535,35
1216,68.40064,1628.4426,10567.688,180,0.38000357,34
1217,64.25565,1632.3527,10567.688,181,0.3550036,34
1218,60.060658,1629.474,10567.688,182,0.33000362,34
1219,55.815666,1624.6709,10567.688,183,0.30500364,34
1220,51.520676,1616.8215,10567.688,184,0.28000367,34
1221,47.175682,1618.0203,10567.688,185,0.2550037,34
1222,42.78069,1626.2091,10567.688,186,0.23000371,34
1223,38.3357,1627.1351,10567.688,187,0.20500374,34
1224,33.840706,1626.158,10567.688,188,0.18000376,34
1225,29.295715,1700.247,10567.688,189,0.15500379,33
1226,53.200726,1689.1063,10567.688,190,0.28000382,33
1227,148.3305,1650.2374,10567.688,163,0.91000307,34
1228,145.1405,1647.5693,10567.688,164,0.8850031,34
1229,141.90051,1643.0289,10567.688,165,0.8600031,34
1230,34.920757,1696.4691,10567.688,194,0.18000391,33
1231,30.225767,1692.611,10567.688,195,0.15500394,33
1232,25.480776,1689.5619,10567.688,196,0.13000396,33
1233,20.68578,1690.8309,10567.688,197,0.10500395,33
1234,15.84078,1692.9774,10567.688,198,0.08000394,33
1235,10.945783,1679.2524,10567.688,199,0.055003934,33
1236,6.0007877,1685.9431,10567.688,200,0.030003939,33
1237,1.0057921,1677.7151,10567.688,201,0.005003941,33
1238,162.69057,1724.0206,10567.688,174,0.9350033,32
1239,159.25058,1723.2266,10567.688,175,0.9100033,32
1240,155.76059,1723.4474,10567.688,176,0.8850033,32
1241,152.2206,1718.549,10567.688,177,0.86000335,32
1242,148.6306,1718.2037,10567.688,178,0.8350034,32
1243,144.99062,1717.1335,10567.688,179,0.8100034,32
1244,141.30061,1732.9589,10567.688,180,0.7850034,32
1245,137.56062,1735.332,10567.688,181,0.76000345,32
1246,161.07063,1735.9026,10567.688,182,0.88500345,32
1247,157.38063,1728.0087,10567.688,183,0.8600035,32
1248,753.4506,1785.2418,10567.688,322,2.3399088,31
1249,796.1654,1840.1624,10567.688,323,2.4649084,30
1250,790.53015,1831.2562,10567.688,324,2.4399078,30
1251,784.84485,1833.4607,10567.688,325,2.4149072,30
1252,30.75077,1891.8389,10567.688,362,0.08494688,29
1253,21.760714,1884.328,10567.688,363,0.05994687,29
1254,12.720662,1879.798,10567.688,364,0.034946874,29
1255,3.6306102,1889.9332,10567.688,365,0.009946877,29
1256,755.66846,1952.6554,10567.688,330,2.2899044,28
1257,749.68317,1950.2885,10567.688,331,2.2649038,28
1258,743.6479,1954.7723,10567.688,332,2.2399032,28
1259,737.56256,1943.8309,10567.688,333,2.2149026,28
1260,731.4273,1943.2542,10567.688,334,2.189902,28
1261,775.492,1945.8143,10567.688,335,2.3149016,28
1262,769.40674,1952.9482,10567.688,336,2.289901,28
1263,763.2714,1959.7891,10567.688,337,2.2649004,28
1264,757.0862,1898.909,10567.688,338,2.2398999,29
1265,172.86076,1831.613,10567.688,201,0.8600038,30
1266,744.56555,1884.3972,10567.688,340,2.1898987,29
1267,738.2303,1889.9331,10567.688,341,2.1648982,29
1268,731.845,1888.3632,10567.688,342,2.1398976,29
1269,186.5508,1825.5347,10567.688,205,0.9100039,30
1270,182.3108,1805.3292,10567.688,206,0.8850039,30
1271,178.02081,1814.5726,10567.688,207,0.86000395,30
1272,173.68083,1795.1719,10567.688,208,0.835004,30
1273,169.29083,1851.7521,10567.688,209,0.810004,29
1274,164.85085,1853.4855,10567.688,210,0.785004,29
1275,160.36086,1856.9191,10567.688,211,0.76000404,29
1276,187.62085,1854.7317,10567.688,212,0.88500404,29
1277,183.18086,1844.431,10567.688,213,0.86000407,29
1278,178.69087,1852.1215,10567.688,214,0.8350041,29
1279,174.15088,1866.3516,10567.688,215,0.8100041,29
1280,169.5609,1857.7141,10567.688,216,0.78500414,29
1281,164.9209,1861.0376,10567.688,217,0.76000416,29
1282,160.23091,1856.6144,10568.371,218,0.7350042,29
1283,155.49092,1852.622,10568.371,219,0.7100042,29
1284,150.70093,1845.8381,10568.371,220,0.68500423,29
1285,145.86095,1846.8771,10568.371,221,0.66000426,29
1286,140.97095,1861.6036,10568.371,222,0.6350043,29
1287,136.03096,1867.2703,10568.371,223,0.6100043,29
1288,216.90738,1804.0197,10568.371,218,0.99498796,30
1289,212.42737,1818.0221,10620.9375,219,0.969988,30
1290,207.89737,1819.7491,10753.261,220,0.944988,30
1291,115.770996,1884.826,10753.261,227,0.5100044,29
1292,110.58101,1886.7029,10872.708,228,0.48500443,29
1293,105.34102,1894.2811,10872.708,229,0.46000445,29
1294,134.55103,1904.0231,10872.708,230,0.58500445,29
1295,129.36104,1900.1482,10872.708,231,0.5600045,29
1296,124.12104,1896.6783,10872.708,232,0.5350045,29
1297,118.831055,1892.4344,10953.027,233,0.5100045,29
1298,148.59106,1893.6234,10953.027,234,0.6350045,29
1299,178.60106,1906.7996,10953.027,235,0.7600045,29
1300,173.46107,1900.1903,10953.027,236,0.73500454,29
1301,168.27109,1888.7654,10953.027,237,0.71000457,29
1302,163.0311,1956.182,11033.596,238,0.6850046,28
1303,193.5911,1896.2861,11033.596,239,0.8100046,29
1304,188.40111,1891.5779,11033.596,240,0.7850046,29
1305,122.19728,1846.3336,11141.217,235,0.5199884,30
1306,116.817276,1843.6918,11141.217,236,0.49498844,30
1307,111.38727,1848.4553,11141.217,237,0.46998847,30
1308,105.90726,1848.1686,11141.217,238,0.4449885,30
1309,100.37726,1855.262,11235.912,239,0.4199885,30
1310,94.79725,1835.6119,11235.912,240,0.39498854,30
1311,89.167244,1821.1049,11235.912,241,0.36998856,30
1312,83.487236,1822.2085,11235.912,242,0.34498858,30
1313,77.75723,1825.9952,11235.912,243,0.3199886,30
1314,71.97723,1767.6624,11235.912,244,0.29498863,31
1315,66.147224,1758.8745,11235.912,245,0.26998866,31
1316,60.267216,1758.196,11235.912,246,0.24498868,31
1317,54.33721,1750.1569,11235.912,247,0.2199887,31
1318,85.557205,1739.956,11235.912,248,0.34498873,31
1319,79.6772,1743.7136,11235.912,249,0.31998876,31
1320,73.74719,1750.3193,11235.912,250,0.29498878,31
1321,67.76719,1740.7234,11235.912,251,0.2699888,31
1322,358.35806,1684.5593,11235.912,248,1.4449922,32
1323,353.57806,1675.3134,11235.912,249,1.4199922,32
1324,348.74805,1685.5404,11235.912,250,1.3949922,32
1325,381.51804,1688.1617,11235.912,251,1.5199922,32
1326,376.73804,1692.7014,11235.912,252,1.4949923,32
1327,371.90805,1683.7007,11235.912,253,1.4699923,32
1328,367.02805,1640.4922,11235.912,254,1.4449923,33
1329,362.09805,1648.955,11235.912,255,1.4199923,33
1330,357.11804,1642.9679,11235.912,256,1.3949924,33
1331,166.9812,1593.9252,11235.912,242,0.69000494,34
1332,161.5962,1632.5011,11235.912,243,0.66500497,33
1333,156.16122,1624.2523,11235.912,244,0.640005,33
1334,107.10114,1577.7184,11235.912,238,0.45000482,34
1335,101.57616,1592.7954,11235.912,239,0.42500484,34
1336,132.00116,1589.1423,11235.912,240,0.55000484,34
1337,162.67616,1589.9,11235.912,241,0.67500484,34
1338,157.30118,1585.2213,11235.912,242,0.65000486,34
1339,188.32619,1588.0742,11235.912,243,0.77500486,34
1340,183.00119,1594.8696,11235.912,244,0.7500049,34
1341,177.6262,1592.0468,11235.912,245,0.7250049,34
1342,172.20122,1602.8541,11235.912,246,0.70000494,34
1343,166.72623,1604.6692,11235.912,247,0.67500496,34
1344,198.40123,1600.8606,11235.912,248,0.80000496,34
1345,192.97624,1591.3802,11235.912,249,0.775005,34
1346,158.05635,1640.6884,11235.912,257,0.61500525,33
1347,152.22136,1631.3584,11235.912,258,0.5900053,33
1348,146.33638,1618.3215,11235.912,259,0.5650053,33
1349,140.40138,1606.422,11235.912,260,0.5400053,33
1350,134.4164,1592.1906,11235.912,261,0.51500535,33
1351,167.6814,1579.6942,11235.912,262,0.64000535,33
1352,153.60132,1628.7572,11235.912,256,0.60000515,32
1353,147.77634,1618.6975,11235.912,257,0.5750052,32
1354,149.72644,1675.2909,11235.912,265,0.5650054,31
1355,143.64145,1681.3635,11235.912,266,0.54000545,31
1356,177.55646,1687.4122,11235.912,267,0.66500545,31
1357,171.52147,1683.1234,11235.912,268,0.64000547,31
1358,205.78647,1721.8536,11235.912,269,0.76500547,30
1359,199.80148,1716.7059,11235.912,270,0.7400055,30
1360,193.7665,1656.872,11235.912,271,0.7150055,31
1361,218.6264,1708.4135,11235.912,265,0.8250053,30
1362,212.8014,1726.5801,11235.912,266,0.8000053,30
1363,216.46152,1790.8828,11235.912,274,0.79000556,29
1364,210.37654,1801.695,11235.912,275,0.7650056,29
1365,245.64154,1779.1195,11235.912,276,0.8900056,29
1366,239.60655,1776.7599,11235.912,277,0.8650056,29
1367,275.22156,1787.6641,11235.912,278,0.9900056,29
1368,176.80148,1731.7201,11235.912,272,0.65000546,30
1369,211.57649,1728.1697,11235.912,273,0.77500546,30
1370,246.6015,1720.9496,11235.912,274,0.90000546,30
1371,240.62651,1719.594,11235.912,275,0.8750055,30
1372,234.60152,1781.4462,11235.912,276,0.8500055,29
1373,270.07654,1773.1759,11235.912,277,0.9750055,29
1374,264.10153,1789.098,11235.912,278,0.95000553,29
1375,258.07654,1768.2019,11235.912,279,0.92500556,29
1376,252.00156,1781.7675,11235.912,280,0.9000056,29
1377,245.87657,1777.2107,11235.912,281,0.8750056,29
1378,472.50116,1841.0496,11235.912,250,1.8900046,28
1379,505.76605,1844.7072,11235.912,251,2.0150042,28
1380,501.48096,1835.6718,11235.912,252,1.9900038,28
1381,497.14597,1846.1827,11235.912,253,1.9650038,28
1382,492.761,1850.724,11235.912,254,1.9400039,28
1383,488.326,1846.7836,11235.912,255,1.9150039,28
1384,483.841,1850.303,11235.912,256,1.8900039,28
1385,517.8559,1852.9001,11235.912,257,2.0150034,28
1386,513.4208,1858.9291,11235.912,258,1.9900031,28
1387,508.93582,1849.619,11235.912,259,1.9650031,28
1388,504.40082,1850.2867,11235.912,260,1.9400032,28
1389,499.81583,1858.5353,11235.912,261,1.9150032,28
1390,534.4807,1858.7532,11235.912,262,2.0400028,28
1391,529.9456,1864.3324,11235.912,263,2.0150023,28
1392,281.20175,1933.9924,11235.912,296,0.9500059,27
1393,274.72675,1948.1531,11235.912,297,0.9250059,27
1394,268.20178,1936.9224,11235.912,298,0.90000594,27
1395,261.62677,1941.5865,11235.912,299,0.87500596,27
1396,255.0018,1953.4784,11235.912,300,0.850006,27
1397,248.32681,1944.8752,11235.912,301,0.825006,27
1398,241.60182,1947.9265,11235.912,302,0.80000603,27
1399,234.82683,1958.3224,11235.912,303,0.77500606,27
1400,609.2796,1901.3025,11235.912,272,2.2399986,28
1401,645.6445,1902.8595,11235.912,273,2.364998,28
1402,682.25934,1897.4065,11235.912,274,2.4899976,28
1403,677.8742,1889.5626,11235.912,275,2.464997,28
1404,714.83905,1894.8318,11235.912,276,2.5899966,28
1405,710.5039,1889.9095,11235.912,277,2.564996,28
1406,567.1187,1892.6875,11235.912,278,2.0399954,28
1407,562.1836,1908.4635,11235.912,279,2.0149949,28
1408,557.1985,1911.0377,11235.912,280,1.9899946,28
1409,552.1635,1912.8494,11235.912,281,1.9649947,28
1410,589.37836,1908.1449,11235.912,282,2.0899942,28
1411,584.3932,1882.698,11235.912,283,2.0649936,28
1412,579.35803,1881.8024,11235.912,284,2.039993,28
1413,574.2728,1873.9729,11235.912,285,2.0149925,28
1414,569.13776,1889.0116,11235.912,286,1.9899923,28
1415,563.95276,1883.2411,11235.912,287,1.9649923,28
1416,558.7178,1890.3314,11235.912,288,1.9399923,28
1417,136.42706,1948.8966,11235.912,321,0.42500645,27
1418,128.80208,2036.4706,11235.912,322,0.40000647,26
1419,121.1271,2058.943,11235.912,323,0.3750065,26
1420,162.00212,2054.4749,11235.912,324,0.50000656,26
1421,154.37714,2072.5083,11235.912,325,0.47500658,26
1422,146.70215,2061.3232,11235.912,326,0.4500066,26
1423,188.02716,2058.5967,11235.912,327,0.5750066,26
1424,180.40218,2063.0325,11235.912,328,0.5500066,26
1425,172.72719,2062.4512,11235.912,329,0.52500665,26
1426,165.0022,1989.9706,11235.912,330,0.5000067,27
1427,206.87721,2001.0883,11235.912,331,0.6250067,27
1428,199.20222,1998.9834,11235.912,332,0.6000067,27
1429,191.47723,1987.7897,11235.912,333,0.5750067,27
1430,183.70226,1999.5681,11235.912,334,0.55000675,27
1431,175.87727,1992.1489,11235.912,335,0.5250068,27
1432,218.40228,2000.9093,11235.912,336,0.6500068,27
1433,210.62729,1997.0284,11235.912,337,0.6250068,27
1434,202.8023,1998.4313,11235.912,338,0.6000068,27
1435,194.92732,2003.7723,11235.912,339,0.57500684,27
1436,187.00233,1996.231,11235.912,340,0.55000687,27
1437,230.17734,1982.9358,11235.912,341,0.67500687,27
1438,222.30235,2000.1567,11235.912,342,0.6500069,27
1439,214.37737,2012.4392,11235.912,343,0.6250069,27
1440,206.40239,2086.424,11235.912,344,0.60000694,26
1441,198.3774,2080.421,11235.912,345,0.57500696,26
1442,190.30241,2052.643,11235.912,346,0.550007,26
1443,182.17743,2070.6536,11235.912,347,0.525007,26
1444,278.40244,2071.2773,11235.912,348,0.800007,26
1445,270.47745,2081.6362,11235.912,349,0.775007,26
1446,262.50247,2077.9028,11235.912,350,0.75000703,26
1447,254.47748,2105.1284,11235.912,351,0.72500706,26
1448,246.4025,2114.1484,11235.912,352,0.7000071,26
1449,238.27751,2102.9607,11235.912,353,0.6750071,26
1450,230.10252,2115.2212,11235.912,354,0.6500071,26
1451,275.12753,2126.1282,11235.912,355,0.7750071,26
1452,267.00253,2121.454,11235.912,356,0.75000715,26
1453,258.82758,2040.5562,11235.912,357,0.7250072,27
1454,250.60258,2038.8032,11235.912,358,0.7000072,27
1455,242.32759,2116.987,11235.912,359,0.6750072,26
1456,234.00261,2114.3328,11235.912,360,0.65000725,26
1457,225.62762,2134.2666,11235.912,361,0.6250073,26
1458,217.20264,2048.7158,11235.912,362,0.6000073,27
1459,208.72766,2005.0896,11235.912,363,0.5750073,27
1460,254.80266,1995.4425,11235.912,364,0.7000073,27
1461,246.37769,1996.9073,11235.912,365,0.67500734,27
1462,237.9027,1983.7048,11235.912,366,0.65000737,27
1463,229.37772,1989.914,11235.912,367,0.6250074,27
1464,47.03775,1913.7662,11235.912,336,0.13999331,28
1465,89.30274,1880.3888,11235.912,337,0.2649933,28
1466,81.117744,1879.7758,11235.912,338,0.23999333,28
1467,72.88275,1879.0543,11235.912,339,0.21499336,28
1468,241.80278,1956.4869,11235.912,372,0.6500075,27
1469,233.1278,1938.7626,11235.912,373,0.6250075,27
1470,224.40282,1943.6268,11235.912,374,0.60000753,27
1471,215.62784,2024.7115,11235.912,375,0.57500756,26
1472,206.80286,2061.4998,11235.912,376,0.5500076,26
1473,254.47786,2040.0594,11235.912,377,0.6750076,26
1474,245.70288,2043.0996,11235.912,378,0.6500076,26
1475,236.8779,2036.3225,11235.912,379,0.6250076,26
1476,228.00291,2043.7512,11235.912,380,0.60000765,26
1477,219.07793,2085.2087,11289.69,381,0.5750077,26
1478,210.10294,2083.7996,11289.69,382,0.5500077,26
1479,201.07796,2080.3857,11289.69,383,0.5250077,26
1480,249.60297,2072.428,11289.69,384,0.6500077,26
1481,240.62799,2071.199,11289.69,385,0.62500775,26
1482,231.603,2074.0967,11367.508,386,0.6000078,26
1483,222.52802,2076.8525,11367.508,387,0.5750078,26
1484,213.40303,2082.8752,11367.508,388,0.5500078,26
1485,204.22806,2070.3462,11367.508,389,0.52500784,26
1486,195.00307,2061.131,11367.508,390,0.50000787,26
1487,185.72809,2062.4043,11367.508,391,0.4750079,26
1488,176.4031,2067.2444,11426.149,392,0.45000792,26
1489,167.02812,2057.4963,11426.149,393,0.42500794,26
1490,157.60313,2044.8536,11426.149,394,0.40000796,26
1491,148.12816,2073.2517,11426.149,395,0.375008,26
1492,257.40317,2082.7017,11426.149,396,0.65000796,26
1493,248.12817,2084.6938,11426.149,397,0.625008,26
1494,238.80319,2077.7686,11426.149,398,0.600008,26
1495,229.4282,2077.5093,11426.149,399,0.57500803,26
1496,220.00322,2076.905,11426.149,400,0.55000806,26
1497,210.52824,2087.53,11426.149,401,0.5250081,26
1498,201.00327,2013.9117,11426.149,402,0.5000081,27
1499,191.42828,2021.0924,11426.149,403,0.47500813,27
1500,181.8033,2011.9639,11426.149,404,0.45000815,27
1501,172.12831,1964.2189,11426.149,405,0.42500818,27
1502,258.05783,1900.6614,11426.149,374,0.6899942,28
1503,249.37283,1871.0693,11426.149,375,0.66499424,28
1504,297.03784,1867.1729,11426.149,376,0.78999424,28
1505,288.40283,1854.9451,11426.149,377,0.76499426,28
1506,336.41785,1866.1205,11426.149,378,0.88999426,28
1507,327.83282,1828.532,11426.149,379,0.8649943,28
1508,319.19785,1818.8876,11426.149,380,0.8399943,28
1509,763.1825,1719.391,11426.149,318,2.399945,30
1510,757.6073,1734.8535,11426.149,319,2.3749444,30
1511,751.98206,1656.4381,11426.149,320,2.3499439,31
1512,746.3068,1656.0776,11426.149,321,2.3249433,31
1513,740.58154,1647.132,11426.149,322,2.2999427,31
1514,1238.5869,1698.5905,11426.149,318,3.8949275,30
1515,1282.3567,1698.2081,11426.149,319,4.019927,30
1516,1278.3765,1696.649,11426.149,320,3.9949265,30
1517,766.0806,1812.1761,11426.149,326,2.3499405,28
1518,760.2554,1746.3853,11426.149,327,2.32494,29
1519,1314.5857,1697.1799,11426.149,323,4.069925,30
1520,1310.5554,1693.9628,11426.149,324,4.0449243,30
1521,1306.4752,1712.1008,11426.149,325,4.0199237,30
1522,1302.345,1717.1537,11426.149,326,3.994923,30
1523,1298.1647,1651.083,11426.149,327,3.9699225,31
1524,1293.9344,1655.3064,11426.149,328,3.944922,31
1525,1289.6542,1658.1544,11426.149,329,3.9199214,31
1526,1285.3239,1653.2758,11426.149,330,3.8949208,31
1527,1280.9436,1653.6697,11426.149,331,3.8699203,31
1528,1326.3134,1643.213,11426.149,332,3.9949198,31
1529,1321.9832,1703.1089,11426.149,333,3.9699192,30
1530,1317.6028,1696.2562,11426.149,334,3.9449186,30
1531,679.9771,1742.711,11426.149,340,1.9999326,29
1532,724.6019,1742.489,11426.149,341,2.1249323,29
1533,718.17664,1733.2332,11426.149,342,2.0999317,29
1534,711.70135,1734.5303,11426.149,343,2.0749311,29
1535,756.7761,1738.69,11426.149,344,2.1999307,29
1536,750.3509,1740.7974,11426.149,345,2.17493,29
1537,1336.6909,1684.5332,11426.149,341,3.9199147,30
1538,1332.0607,1687.6703,11426.149,342,3.8949142,30
1539,1327.3804,1630.9681,11426.149,343,3.8699136,31
1540,1322.65,1619.8263,11426.149,344,3.844913,31
1541,1369.6199,1614.5958,11426.149,345,3.9699125,31
1542,1364.9396,1626.4589,11426.149,346,3.944912,31
1543,546.09216,1589.8813,11426.149,334,1.6350064,32
1544,539.3522,1584.1445,11426.149,335,1.6100065,32
1545,532.5622,1573.155,11426.149,336,1.5850065,32
1546,576.27216,1569.0469,11426.149,337,1.7100065,32
1547,1340.7881,1620.8318,11426.149,351,3.819909,31
1548,1388.6078,1620.3505,11426.149,352,3.9449086,31
1549,1436.6776,1610.6787,11426.149,353,4.069908,31
1550,1431.8973,1596.9788,11426.149,354,4.0449076,31
1551,1427.067,1563.7218,11426.149,355,4.019907,31
1552,586.5323,1518.1469,11426.149,343,1.7100066,32
1553,579.6423,1507.4803,11426.149,344,1.6850066,32
1554,572.7023,1512.4016,11426.149,345,1.6600066,32
1555,617.6123,1470.7249,11426.149,346,1.7850066,33
1556,610.7223,1478.2103,11426.149,347,1.7600067,33
1557,655.9823,1476.3317,11426.149,348,1.8850067,33
1558,649.14233,1470.3671,11426.149,349,1.8600067,33
1559,694.7523,1471.7344,11426.149,350,1.9850067,33
1560,740.61224,1455.2777,11426.149,351,2.1100063,33
1561,733.922,1450.598,11426.149,352,2.0850058,33
1562,175.49615,1488.5681,11426.149,300,0.58498716,32
1563,168.55614,1477.9159,11426.149,301,0.5599872,32
1564,161.56613,1477.2197,11426.149,302,0.5349872,32
1565,199.97612,1477.7623,11426.149,303,0.6599872,32
1566,193.03612,1468.986,11426.149,304,0.63498724,32
1567,186.04611,1461.852,11426.149,305,0.60998726,32
1568,179.0061,1499.7609,11426.149,306,0.5849873,31
1569,394.57083,1455.3505,11426.149,211,1.8700039,32
1570,422.9408,1448.307,11426.149,212,1.9950038,32
1571,451.5608,1463.7607,11426.149,213,2.1200037,32
1572,448.33066,1475.0017,11426.149,214,2.0950031,32
1573,445.05054,1479.926,11426.149,215,2.0700026,32
1574,441.72043,1482.7937,11426.149,216,2.045002,32
1575,438.3403,1475.1064,11426.149,217,2.0200014,32
1576,434.91022,1462.2197,11426.149,218,1.995001,32
1577,431.4302,1382.3442,11426.149,219,1.970001,33
1578,427.9002,1365.8506,11426.149,220,1.945001,33
1579,457.47015,1361.937,11426.149,221,2.0700006,33
1580,453.99002,1358.7148,11426.149,222,2.045,33
1581,450.4599,1356.6923,11426.149,223,2.0199995,33
1582,446.87982,1352.4899,11426.149,224,1.9949992,33
1583,476.99982,1345.7112,11426.149,225,2.1199992,33
1584,473.4697,1350.7559,11426.149,226,2.0949986,33
1585,469.88956,1341.5762,11426.149,227,2.069998,33
1586,466.25943,1335.1143,11426.149,228,2.0449975,33
1587,462.57928,1330.2666,11426.149,229,2.019997,33
1588,458.8492,1330.6364,11426.149,230,1.9949965,33
1589,455.0692,1327.4246,11426.149,231,1.9699966,33
1590,451.2392,1345.0996,11426.149,232,1.9449966,33
1591,447.35922,1347.9193,11426.149,233,1.9199966,33
1592,443.4292,1381.9441,11426.149,234,1.8949966,32
1593,439.44922,1374.4126,11426.149,235,1.8699967,32
1594,435.41922,1391.7631,11426.149,236,1.8449967,32
1595,431.33923,1389.6537,11426.149,237,1.8199967,32
1596,462.9092,1387.6901,11426.149,238,1.9449967,32
1597,154.09593,1436.3235,11426.149,335,0.45998788,31
1598,146.15593,1434.9841,11426.149,336,0.4349879,31
1599,138.16592,1441.3904,11426.149,337,0.40998793,31
1600,180.82591,1441.21,11426.149,338,0.5349879,31